Age,Sexe,Revenu_annuel,Temps_passe_sur_site,Achats_en_ligne,Reponse_campagne
22,Homme,40124,16.518973643168458,9,1
32,Femme,26307,21.97353502338605,8,1
28,Femme,30040,26.762914595919383,9,1
16,Femme,15843,29.046007573968012,9,0
45,Homme,20225,21.479944106979477,5,0
28,Homme,17594,22.166724828867636,7,1
46,Homme,34918,30.845332114406133,11,1
43,Femme,8132,26.539697126396792,6,1
40,Femme,23183,19.530861722979125,6,0
41,Homme,5044,19.524066196455507,6,1
28,Homme,20180,25.826197847149075,8,1
53,Femme,22563,17.955851479817078,8,0
35,Homme,35694,26.350907005355413,8,1
38,Homme,28776,23.337199855004034,8,1
28,Homme,20168,24.07088305610829,6,1
25,Femme,33461,20.973064786079785,7,1
39,Femme,26124,19.48070078301436,6,1
37,Femme,26262,27.84797132347328,9,1
27,Femme,17581,21.0130508777861,7,1
20,Femme,19069,20.35625969370455,6,1
22,Femme,20224,21.679451728480764,5,1
46,Femme,26325,22.77208853087177,9,1
28,Femme,26545,17.876699493122207,6,1
31,Femme,36808,19.740514023172352,7,1
49,Homme,28695,19.52787170437577,8,1
23,Homme,7047,25.381121218427392,7,1
27,Homme,27838,18.456149728000444,7,0
27,Homme,15849,14.976928568967786,5,0
51,Femme,19238,14.131621748375384,4,0
54,Homme,20314,16.11847946129713,6,1
42,Homme,21356,27.446152811392444,8,1
42,Homme,16373,22.064826397936205,6,1
29,Femme,27424,24.00499634722881,9,1
54,Homme,16124,24.145950908485318,8,0
37,Homme,28496,22.22473567356928,9,0
43,Homme,41658,21.700874813394766,10,1
33,Femme,16694,26.178105719272562,7,0
32,Homme,24008,22.58398365725056,6,1
51,Femme,8335,27.596389917053656,9,0
40,Femme,23893,24.483319781159466,9,0
49,Homme,30499,19.528814906075887,7,1
37,Femme,31044,20.011463904520255,9,1
26,Femme,26541,19.09014077418288,7,0
29,Homme,32224,26.870192087802863,11,1
36,Femme,43822,20.37979618821779,8,1
28,Homme,37986,18.80610881280147,10,1
23,Homme,22342,23.279112164507282,8,1
47,Homme,15842,21.611331574509986,8,0
29,Femme,23156,23.178274050300654,7,1
36,Homme,19371,29.559255615575374,9,0
37,Homme,29159,25.65228322371544,8,1
29,Homme,17731,22.108042217207625,8,0
49,Femme,25490,16.366306463175967,7,0
23,Homme,31866,20.00015001116546,10,1
37,Femme,25295,24.844184410181214,9,0
37,Femme,19375,17.315835841352737,6,1
34,Homme,34223,30.563881185321414,10,1
22,Femme,12847,22.057666250542194,7,0
43,Homme,23705,22.19539357283794,7,0
42,Femme,25708,19.33341922816809,7,0
28,Homme,26111,23.986951027102872,8,0
42,Homme,27263,17.367992773911073,6,0
38,Femme,30273,30.65957035640583,10,1
22,Homme,25752,27.269405218608046,9,1
26,Homme,23423,25.937185780788184,8,1
46,Femme,23146,16.43828397684076,7,1
38,Femme,21719,22.821653081831002,8,1
29,Femme,31512,26.83634559205602,10,1
26,Femme,21474,24.372421597430957,6,0
29,Femme,31927,17.991563581464902,8,1
30,Homme,26132,19.399624978765377,7,0
26,Homme,22351,20.192255447976038,6,1
17,Homme,30328,19.58624866204557,10,1
46,Femme,20907,28.11511534284123,6,0
44,Femme,30467,14.315947444706975,7,0
22,Homme,27489,24.623676558635346,9,1
36,Femme,21825,16.830786500286194,6,1
25,Homme,29700,18.15499405019573,7,1
32,Homme,29826,13.96106653252513,7,1
31,Femme,34102,19.803782275364537,9,0
30,Femme,32763,28.042926606156854,9,1
55,Femme,29438,23.059296969859112,9,0
30,Femme,18106,17.206553812003612,5,0
26,Femme,43140,26.06859069751725,9,1
27,Femme,16174,26.925217054274743,9,0
45,Homme,32644,22.41618592415634,8,1
18,Femme,29018,30.13899663261036,8,1
27,Homme,17781,25.286256498498457,7,1
49,Homme,25129,24.730610029170354,7,0
37,Homme,25448,18.78648517133484,8,0
36,Femme,35139,24.509593942485363,9,1
56,Homme,21006,22.86716511041797,9,1
37,Femme,24166,24.079316010684106,7,1
27,Femme,9647,19.26165752343468,6,0
32,Femme,38143,22.512395537435946,12,1
23,Femme,18506,18.73255399914017,6,0
47,Femme,28288,13.411471600135872,7,0
40,Homme,25290,25.993218274313534,9,0
46,Femme,25313,15.990444073241932,5,0
47,Homme,31669,22.428745859129663,9,1
30,Femme,37698,23.332008517796158,9,0
25,Femme,27760,23.30625206345222,8,0
34,Femme,30585,20.867683705607,7,1
26,Homme,28302,23.084845901119895,9,1
36,Homme,33122,23.88386827914065,8,1
46,Homme,22759,24.93985926300794,10,1
33,Homme,33527,28.93376535753705,10,1
36,Femme,33773,22.936776605992822,7,1
34,Femme,33577,22.256195380070807,8,1
43,Homme,21378,18.373084138599623,6,0
28,Homme,24821,23.74378529559735,10,0
13,Homme,27676,24.669532412562276,8,1
39,Homme,16404,21.23078726287349,6,1
44,Femme,37164,24.17845001673615,9,1
39,Femme,25914,20.829935225802632,8,0
28,Femme,27987,24.683970608355697,8,1
23,Homme,21960,25.650409256118973,7,0
39,Homme,16711,25.594511466921944,7,1
36,Femme,21771,22.471377304565202,7,0
33,Homme,27534,17.840127393531795,6,0
53,Homme,30714,19.552347789432716,7,1
25,Homme,27132,24.380629295538913,9,0
52,Femme,28427,31.79524922296091,10,0
35,Homme,23640,20.637116913871672,6,0
16,Femme,29473,23.82335071355256,8,1
33,Homme,36379,19.775789770082387,8,0
44,Homme,30933,18.1041318230036,6,1
31,Femme,31666,19.29473654569055,9,1
20,Femme,28058,13.670112093189314,7,1
33,Femme,15477,27.413740251631005,9,1
26,Femme,18687,13.079478988341545,5,0
39,Homme,29184,20.944687078397468,6,0
42,Homme,25923,17.287488418599782,8,0
24,Femme,29078,18.46247913855118,6,1
27,Femme,37734,27.50609063895467,9,1
42,Homme,31082,22.804267960125568,8,0
26,Homme,34812,18.138415363273197,9,0
24,Homme,26662,19.641931470013958,8,0
23,Femme,20349,18.93807511823166,7,1
38,Femme,25594,21.825817311684478,7,0
38,Homme,20366,22.69156673915077,7,1
28,Femme,36908,29.58229909291424,11,1
35,Homme,31532,14.334796936009173,6,1
50,Femme,29643,21.86075074096819,9,0
25,Femme,34651,20.737729229861912,9,1
15,Homme,11859,25.78619411086713,8,0
39,Homme,30116,23.419272472713573,6,0
33,Femme,16825,24.361448832459782,7,1
27,Homme,25949,23.38034474406033,8,0
41,Femme,23818,18.27203549886584,7,0
43,Homme,30632,26.845061985972052,9,1
12,Homme,27597,25.194019618462676,7,1
28,Femme,35415,25.66211916689897,10,1
58,Homme,21786,27.05620068202866,8,1
40,Femme,30963,23.67070040260784,9,0
41,Femme,27135,27.92396961646997,9,0
46,Femme,14552,23.510558287146566,8,0
35,Femme,19569,21.123765647901564,8,0
42,Homme,24950,21.973584358066542,8,0
42,Femme,33786,21.904624927455533,8,1
40,Femme,29246,19.922434711637827,8,0
31,Femme,17827,28.52755539348088,9,0
36,Homme,25017,23.185181462014672,8,0
29,Femme,40124,22.378953903331627,10,1
35,Femme,26778,23.553097019705735,9,1
23,Homme,23708,33.91941806694859,9,1
27,Femme,29442,17.47310324560136,6,1
32,Femme,31343,18.6198459531349,7,0
25,Homme,22806,16.477715930212014,4,0
29,Femme,29518,21.069603046258056,8,1
33,Femme,23697,22.98207377330944,8,0
39,Homme,31035,20.13870992663569,8,1
44,Homme,27187,19.84109280739292,7,0
30,Homme,29373,22.569619466512528,9,0
48,Femme,20685,19.99156870068121,7,1
44,Femme,20250,23.24070330873135,8,1
40,Homme,32618,26.456937386970417,11,1
36,Femme,25444,24.708121879203226,8,0
38,Homme,27995,25.52405338866081,11,1
46,Femme,23855,26.34367364602688,8,1
47,Homme,32291,23.13131264047481,11,1
48,Homme,21745,21.365435895827595,6,1
35,Homme,25050,18.91098771646722,7,0
40,Femme,31501,20.435287345457116,7,1
48,Homme,34210,19.905257869292424,9,1
28,Homme,22333,24.926689306483645,7,1
31,Femme,39717,23.387130218376786,10,1
35,Homme,28192,24.787031450857206,8,0
43,Femme,18699,17.358652575599393,7,0
44,Homme,28583,27.726997936964317,9,1
32,Homme,23319,20.29207851397295,9,1
19,Homme,29038,17.59993343170135,6,1
37,Homme,25700,20.24312894071275,6,0
25,Homme,26519,31.935063970350033,11,1
20,Homme,19618,20.44913253403373,6,1
22,Homme,32930,20.699614114116297,8,1
38,Femme,17907,21.231581277481297,6,0
48,Homme,18238,21.405518466274177,5,0
35,Femme,28571,18.874095736794985,7,1
37,Femme,37219,22.57285233282452,10,1
46,Femme,23531,26.302379632793322,9,0
19,Femme,30906,23.257157261914827,9,1
40,Femme,33513,17.55533880440006,8,1
34,Femme,31702,20.622616380265168,7,1
40,Homme,23821,19.79389039959348,7,0
30,Homme,18362,22.211757872939206,7,0
26,Homme,10547,27.321806686249268,7,1
36,Homme,24160,21.404468815916466,7,0
51,Homme,34246,21.647380524518436,7,0
43,Femme,18130,29.11057927527772,7,1
29,Femme,30901,25.50482396668664,10,1
21,Femme,19348,24.29632512842614,8,1
18,Homme,26742,29.832526461207102,11,1
48,Homme,30954,23.959245019176052,8,0
25,Homme,21383,14.05389143208991,4,0
31,Homme,27193,25.330663031521443,9,1
48,Femme,23094,15.631966171525399,7,1
18,Femme,30936,23.80802147432979,8,1
49,Homme,27647,15.14502570348304,7,1
32,Femme,26395,20.132578358400323,6,1
23,Homme,36908,20.544861881560514,8,1
32,Homme,30636,18.919523571072986,7,1
27,Homme,21167,20.6045920112352,8,1
39,Femme,25398,26.13024688144221,9,1
28,Femme,25468,19.144188351361787,9,1
15,Femme,26562,24.180563518042163,7,0
32,Homme,43671,18.1374014415708,9,1
21,Homme,28595,21.242001694431483,8,0
37,Homme,11748,23.2953570653098,7,0
23,Femme,22200,18.01388633352576,5,0
30,Homme,12473,16.75311826835724,7,1
36,Homme,23691,23.96751260231555,8,1
32,Femme,12088,26.492321597362555,6,0
37,Homme,19898,21.68373992205051,7,0
41,Femme,15354,20.170748373773183,6,0
23,Femme,28689,22.622701550753547,11,0
34,Homme,26003,22.22191967506152,9,0
1,Homme,28120,22.971610162845007,8,1
37,Homme,25268,11.887019598745143,5,0
31,Homme,16239,17.723582835336146,7,0
25,Femme,29594,18.619079578252585,8,0
38,Femme,39455,22.60347051404625,6,0
46,Femme,28864,22.743511534489066,9,1
30,Femme,23018,24.544721954736143,8,0
25,Femme,16003,23.030326996841747,6,1
36,Femme,19643,16.797059718450658,7,1
21,Femme,29171,27.78801847034024,12,0
28,Homme,33511,27.087673213689463,10,1
47,Homme,27826,16.967210839892296,8,1
35,Homme,31599,23.33082117749673,10,1
16,Homme,30953,19.618302459027937,7,1
17,Homme,29545,22.55545595680219,6,0
36,Homme,21390,26.21324111856748,9,0
43,Femme,27217,30.520417065283837,10,0
18,Homme,20061,25.00511082057044,6,1
39,Homme,26122,23.179738940440544,8,1
48,Femme,28316,20.640715326766813,8,0
53,Femme,37751,22.728539484044706,9,1
38,Homme,16831,27.439087573313255,7,1
40,Femme,29370,21.821164972961657,8,1
13,Homme,36368,18.4555493946094,8,1
55,Femme,31311,15.521240537933494,5,0
29,Homme,31830,24.052191469641002,9,1
25,Homme,30113,22.989152502510958,7,1
32,Homme,35088,19.416367306950814,9,1
50,Femme,18387,26.10405650282919,6,0
57,Femme,16298,20.31289254244948,7,0
36,Homme,25955,21.461423632700818,7,0
44,Femme,10871,21.933343466808225,6,1
35,Femme,34614,20.596189031447647,8,1
24,Homme,34545,22.943460262998283,8,1
49,Homme,22966,26.606060583732003,9,1
28,Femme,23404,17.43007240752631,5,0
50,Femme,25493,23.954080553896034,7,0
47,Homme,26364,22.688634678425764,8,0
41,Femme,26890,22.615055318178825,7,1
53,Femme,29907,25.48737827949636,8,1
57,Femme,24791,22.197189700868634,8,0
33,Homme,32602,23.92091704762281,9,1
26,Femme,29121,24.863458518284588,9,0
16,Femme,21751,19.982539198477575,7,1
57,Homme,35345,23.196733843255192,9,0
30,Femme,16492,20.996849571157473,7,1
46,Homme,25354,21.469272881120418,8,0
27,Homme,32768,20.711754414086673,6,0
50,Homme,20938,23.884321616387545,6,0
27,Homme,28166,22.326578836073015,10,1
23,Homme,29803,23.5781761372667,8,0
32,Homme,19976,21.929930548417005,8,0
29,Femme,25492,15.5835159501187,6,1
40,Homme,24904,22.125473664398832,7,0
34,Femme,22137,22.254151820627268,7,0
41,Homme,42111,22.97038374861384,12,1
32,Homme,20658,19.625083225257033,7,1
28,Femme,33034,17.218121133337952,7,1
29,Homme,23250,24.498426579577114,6,1
55,Homme,18393,20.905573773863324,9,0
37,Homme,26719,22.684976190739985,8,0
15,Homme,30543,20.874159680446816,9,1
29,Femme,32443,21.97575269690562,9,1
35,Homme,36935,20.20285860825677,8,1
53,Homme,46616,18.127665643384688,9,1
45,Homme,27753,23.89492664307463,8,0
25,Femme,21358,19.58751964709552,6,0
59,Homme,29170,22.655805923579244,9,0
34,Homme,24136,23.64184088760831,8,1
47,Femme,32481,19.652749137587673,8,0
23,Homme,16919,17.18445746250806,6,0
11,Femme,42578,31.70434245541221,12,1
20,Femme,31992,19.888912496218296,6,1
2,Femme,14211,24.493668634404635,6,1
56,Femme,21036,29.757854198280498,9,1
37,Femme,31712,25.15963098741557,8,1
25,Homme,34234,20.798228764689792,9,1
39,Homme,17094,21.731534449859556,8,0
36,Femme,30991,18.669571121044605,9,1
41,Homme,12368,25.526785707830967,7,1
47,Homme,25374,24.265082832234754,8,0
32,Femme,33784,19.94229672695303,8,1
26,Femme,22139,17.831300771606223,7,0
43,Homme,15451,16.715065049345235,4,0
43,Homme,27023,25.946056015216804,11,0
36,Femme,21766,22.481492515822243,8,1
56,Homme,30406,22.859938145331007,9,1
30,Femme,19802,18.70820549655057,7,1
26,Femme,20591,16.145987586782375,6,1
39,Femme,11852,25.85045429884653,6,0
28,Homme,27189,22.168156147988924,8,1
39,Femme,24873,25.62893864023048,7,1
26,Femme,17681,20.456267493937744,7,0
30,Femme,27356,21.052728627852566,7,1
53,Femme,33189,24.853192706482528,9,1
30,Femme,24491,24.929392318602098,9,1
27,Homme,27877,25.190262490743816,8,1
46,Homme,27913,20.819194987589213,7,0
24,Homme,17569,24.45818895060347,7,0
28,Femme,40396,26.436397861906876,8,1
40,Homme,22704,21.580911953273862,7,1
44,Femme,30592,19.946046544903787,5,0
47,Homme,31384,27.370990413267062,9,1
27,Homme,25022,19.382217065794773,8,1
40,Femme,30247,24.51790598845791,9,1
30,Homme,27720,21.766310757920554,7,0
28,Homme,16076,14.633737534061758,5,0
47,Homme,23674,26.514376269914322,7,0
29,Femme,21712,10.968585481810528,4,1
37,Homme,22767,14.063487732969564,8,1
36,Femme,16871,24.109320317922688,9,0
24,Femme,33885,24.10828479471246,9,1
44,Femme,37213,19.449680568489857,8,1
40,Homme,32846,22.59128836121298,7,1
15,Homme,34893,11.87427981688798,5,1
37,Femme,23587,24.827901857882395,8,0
27,Femme,21546,22.99890194821439,7,1
45,Homme,20549,21.817428586664818,8,0
20,Homme,30508,22.08336592855109,10,1
31,Homme,27589,23.973016704772128,9,0
38,Homme,25459,21.884393906008555,8,1
35,Femme,35066,14.503777989075118,5,0
42,Homme,28834,30.78532893809009,11,0
19,Femme,20129,26.803203277713806,7,1
51,Femme,21233,16.860221352180687,5,0
40,Homme,30773,20.61945107809364,9,0
48,Homme,33292,21.055863239375835,9,0
43,Homme,29861,26.315398266035853,9,1
34,Homme,39278,13.362924258720929,6,1
22,Homme,37445,20.003966942280844,8,0
29,Homme,29087,14.957454226649986,5,0
50,Homme,20129,20.859617936686647,6,0
48,Femme,16830,20.109996427660384,5,0
28,Femme,23288,22.31877626953085,8,0
6,Homme,31272,19.580502403963266,8,1
32,Femme,38786,18.995906434437902,9,0
32,Femme,28922,24.478626767052592,8,0
32,Homme,34181,23.818690963770322,8,1
40,Femme,24282,24.20559337111297,8,0
43,Homme,30359,21.292399638036628,8,1
44,Homme,31763,19.71304567109924,7,1
39,Femme,12142,21.52459007191692,6,0
16,Homme,23105,24.00464828027381,10,1
31,Homme,32647,13.292881196112607,7,0
58,Homme,27921,23.576447721483433,10,0
38,Femme,17624,23.236552749339193,8,0
38,Femme,8989,22.24860362434291,8,0
38,Homme,23439,21.4027463125133,6,0
39,Homme,25498,11.735522456270346,6,0
11,Femme,19812,20.240586947598377,6,1
32,Femme,27001,29.157754844309494,8,0
34,Homme,29544,22.051605182273224,9,0
47,Femme,30694,20.770840645301128,7,1
35,Homme,9508,22.06762478236045,5,0
18,Femme,16800,23.419091474512033,7,0
39,Femme,23867,24.63528097875786,7,0
26,Femme,30005,21.084479347368234,7,1
22,Femme,29424,23.699678409574734,8,0
26,Homme,29303,28.70660321104544,11,1
40,Homme,23316,26.02500319773086,8,1
47,Femme,23706,31.361200863427918,11,1
39,Homme,20901,19.372918566593135,7,1
41,Homme,31377,28.704758030008062,10,1
39,Femme,19556,18.83730544030962,7,1
36,Femme,31950,23.414264586961853,9,0
41,Homme,27454,24.9299061169524,10,0
10,Femme,25684,19.95689123238211,8,1
36,Homme,21403,22.351857109897104,6,1
24,Femme,16511,25.641844409807366,8,0
46,Homme,21466,19.15891640675237,7,0
33,Femme,23689,28.677533838190588,9,0
35,Femme,9416,16.461613501090604,5,0
19,Homme,24618,29.758765770913538,9,1
45,Femme,32470,26.00530453919837,8,1
41,Homme,29970,21.641097694688884,6,1
40,Homme,22526,20.389327155053074,5,0
26,Femme,26328,19.971886948835905,8,1
27,Femme,22106,21.45681743897194,5,0
37,Femme,27041,21.806016553804696,7,0
28,Femme,36780,27.020904986538326,9,1
39,Homme,32779,29.874616401538336,10,0
13,Homme,29645,22.79751968261603,6,1
30,Femme,22549,18.617486048042384,7,0
52,Homme,31249,19.817095837455224,6,1
39,Femme,14191,21.267636861554863,7,0
36,Homme,24233,17.8795115788129,6,1
54,Femme,30085,17.284234391570486,7,0
11,Femme,31182,30.38850884949211,10,1
26,Homme,30689,23.210454103785015,9,1
30,Femme,28063,18.667467465278612,7,0
43,Homme,24629,25.26641428143085,8,1
43,Femme,29765,17.28661550077262,7,0
26,Homme,19329,17.615951808515785,6,0
44,Homme,20087,18.78783039574302,5,0
30,Homme,26432,28.618053123460133,10,1
47,Homme,27212,20.988479736886504,9,1
24,Femme,13220,12.233172052390053,5,0
33,Femme,29186,26.840263732702372,10,1
30,Femme,31409,20.77447454335057,8,0
45,Homme,25459,14.602367976486377,5,0
29,Femme,42621,20.733266048146362,8,0
34,Femme,21219,24.08401558641961,8,0
40,Femme,23472,23.616196666131877,9,0
40,Femme,23234,29.19365991665928,12,1
43,Homme,25466,18.58892854972028,8,0
37,Femme,23698,22.186880481059887,6,0
30,Femme,16152,19.201722885686312,5,0
31,Homme,22174,15.831228423251108,8,0
35,Femme,25316,25.54210948922382,8,0
37,Homme,34600,23.853078276590082,9,1
33,Femme,41415,23.13471379879541,8,1
35,Homme,35348,23.707160773034577,11,0
19,Homme,20572,19.25810858924632,7,0
41,Femme,21129,17.97721965072723,5,0
36,Femme,24884,22.15058948867744,7,0
45,Femme,38491,26.644845609646456,10,1
35,Femme,24842,28.432308541814187,9,1
17,Femme,16707,25.18173082722973,8,1
31,Femme,22491,22.116697707072383,8,0
33,Homme,31299,23.079135717599744,8,1
42,Homme,30829,22.046375437301485,8,1
14,Homme,24598,17.896226641202286,6,0
35,Homme,30783,22.09858951284217,8,1
40,Femme,10087,16.660692729646026,5,0
28,Homme,26726,21.503691095587843,8,0
35,Homme,32024,28.544420442385277,9,1
28,Homme,20169,25.291436891133408,8,1
27,Femme,20145,18.30752326305388,6,0
30,Femme,12934,21.710283721430866,5,0
27,Femme,37129,18.662494752981047,8,1
41,Homme,20958,21.74994492729116,7,0
27,Femme,27687,26.16443126609825,9,1
25,Homme,30227,24.612031753239616,9,1
52,Homme,36584,31.936576322981345,12,1
44,Homme,24922,26.769909610030286,10,0
16,Femme,22223,22.816001524310767,8,1
27,Femme,27211,24.708599896533173,7,0
37,Femme,34988,21.190227303266656,8,1
38,Homme,24808,17.489983011654015,5,0
20,Femme,19315,27.223106313150083,10,1
46,Femme,15214,26.03596590772659,10,1
43,Femme,17450,21.035783141624144,7,1
39,Homme,32050,23.095742947725352,9,1
48,Homme,23755,26.963756749539225,9,1
39,Homme,21747,25.38540570482408,8,0
39,Homme,20988,16.147594995001207,4,0
50,Femme,26595,22.974480085959296,8,0
46,Femme,24323,21.329473898046544,6,0
26,Homme,24088,26.452002796554723,9,1
41,Femme,35445,26.124170955130644,10,1
28,Homme,36766,27.27443131271218,12,1
40,Femme,14729,17.52842264511917,6,0
39,Femme,28293,18.863553863775046,7,0
21,Femme,20561,26.456329744541755,8,1
33,Homme,24262,19.633416738630217,9,1
37,Femme,28164,15.91426807634277,6,1
30,Femme,24510,24.13038595045626,8,0
38,Femme,27613,19.811126238936108,7,0
43,Femme,30710,29.1591630812336,9,1
34,Homme,28062,23.184738215953853,8,0
37,Homme,21472,22.641037146566664,5,0
48,Homme,21595,20.52302443353697,5,0
39,Femme,15922,28.363341335707887,9,1
37,Femme,20022,23.434217839559285,9,0
25,Femme,39734,20.366001927375173,9,1
41,Homme,20455,18.823665173578213,6,0
38,Homme,17646,21.70610778174313,5,0
47,Femme,28239,18.089412651380776,8,0
35,Homme,25227,26.115509766715775,8,0
16,Homme,24630,14.766631783903064,6,1
17,Femme,35863,21.441943886667715,9,1
42,Homme,29843,24.440534180351737,9,1
29,Femme,22290,23.36847768043863,8,0
39,Homme,23028,19.130868107937324,7,0
36,Homme,22481,24.641034826826196,8,0
33,Homme,32123,18.45584244645637,7,1
34,Homme,23842,21.91046137401276,6,0
26,Femme,13447,24.607366287921423,5,0
34,Femme,25661,23.85165111797245,8,0
29,Homme,15240,19.299843954322128,7,0
31,Femme,41289,26.789978066257454,11,0
31,Homme,19240,22.346778285942136,7,0
32,Femme,24866,24.971981643756607,7,0
44,Homme,27807,28.11640402669299,10,0
33,Femme,23979,26.470082195098428,8,1
45,Homme,23969,26.480517625324175,10,1
50,Homme,28952,22.77071971939789,7,0
43,Femme,36683,25.175740483642038,9,1
40,Homme,31372,22.854386298257264,8,1
38,Homme,36349,17.162702128886345,6,1
43,Homme,18673,23.21097517002017,6,0
35,Homme,28221,23.025443934953863,8,1
44,Femme,27086,24.334917446087278,8,1
41,Femme,28457,21.48801209914642,4,0
31,Homme,35633,18.954177772944597,9,0
43,Homme,24454,24.626024332700908,6,0
35,Femme,23161,16.746910850991007,7,0
33,Femme,29737,27.835276543425877,9,0
30,Homme,13552,21.07432775518003,8,0
36,Homme,24342,22.982112688224674,9,0
44,Femme,25060,24.234232613126288,8,0
43,Homme,19557,24.362752179376763,7,1
38,Femme,33399,16.36406280019306,8,0
40,Femme,18564,25.296346322177055,6,0
47,Femme,25048,23.212615313505093,8,0
33,Homme,28052,19.458954461765565,7,1
23,Femme,35474,19.001332196216346,7,1
48,Femme,25926,20.663787671772617,8,1
29,Homme,32553,16.805033253558033,7,1
28,Femme,30904,28.8890695639481,10,1
17,Femme,26864,27.94460530057338,9,1
40,Femme,18373,23.80680080390376,8,0
18,Femme,15957,21.106406334631636,6,0
27,Femme,26745,21.21156804825042,7,1
40,Femme,22201,25.032262824695874,8,1
42,Homme,32434,29.031307598007803,9,1
28,Homme,31220,19.718413041613026,7,1
33,Homme,24707,17.5296558295067,6,1
26,Femme,17896,28.190563094381083,8,1
29,Femme,29575,14.851445649662194,6,1
37,Femme,18874,17.965876766989414,7,1
29,Homme,20690,21.012568429956588,6,0
32,Homme,19144,15.758266128779876,6,0
20,Femme,25030,26.44859625122639,9,1
46,Homme,34191,25.4276210820204,9,0
40,Homme,25964,19.70082709113873,7,0
42,Femme,22897,27.11845647671099,10,0
47,Homme,15320,27.797169713615304,8,1
26,Homme,29864,21.547317406839746,8,1
31,Homme,20537,20.19732728972797,6,0
16,Homme,26822,31.03840811096991,12,1
66,Femme,23520,24.88464728833662,7,1
33,Femme,31867,23.025298611875414,7,0
45,Homme,24899,27.45418378655845,10,0
22,Homme,25587,23.207722540012085,8,0
44,Homme,29400,19.977517656323247,7,1
53,Homme,40748,22.320639041950216,9,1
34,Femme,32219,26.15461714927894,11,1
24,Femme,25379,14.031257734603145,6,1
33,Homme,26022,20.847877042243116,8,0
12,Homme,22325,27.53222959432642,9,1
34,Homme,19350,19.95252639562593,7,1
43,Homme,22130,28.18443424172564,10,0
34,Femme,20594,27.65897527743925,8,0
32,Homme,30573,21.737883538044194,7,1
40,Homme,18501,19.725842780443998,7,1
41,Femme,35332,20.85056450340146,9,0
18,Homme,31264,32.658457968005735,11,1
35,Femme,26143,29.497697787732974,10,0
59,Femme,26002,22.501563887226954,7,0
21,Homme,22099,19.567385793518362,7,0
34,Femme,27890,22.46816414232505,8,1
54,Homme,33616,22.97530770646706,8,1
46,Homme,21077,17.026565049562585,7,0
29,Femme,15266,22.32016507686104,5,0
37,Femme,30922,27.28961729924692,12,1
34,Femme,28270,14.802573275134106,7,0
27,Homme,18158,25.30633586054899,6,1
34,Homme,20866,27.49919188021912,8,0
32,Homme,19986,19.757770619622526,6,0
36,Homme,20928,28.776703032764225,9,1
27,Homme,23734,19.238651750206618,6,0
22,Femme,24134,23.764330647441614,8,0
34,Femme,21444,20.77290926134548,7,1
52,Femme,20692,20.772014571349587,6,0
35,Homme,24398,19.530803720967818,6,0
31,Homme,27173,24.794301923448078,9,0
42,Homme,23785,25.395221830925795,7,1
33,Homme,34110,21.742311201691244,9,0
53,Homme,29556,16.560127145310904,7,0
34,Femme,14864,23.61268066653756,7,1
42,Homme,29666,23.688057437642776,8,0
27,Femme,30238,21.13313995445429,9,1
40,Homme,22956,29.468925148723233,8,1
37,Femme,15533,15.744282940397383,4,0
34,Homme,26056,13.130865158985728,5,0
29,Homme,25946,19.076660401209317,8,1
28,Femme,18148,24.8416981363658,9,1
37,Homme,15841,17.776621450264635,4,0
41,Homme,25387,18.076116325895697,8,1
33,Homme,24368,25.804085344712618,9,1
37,Femme,23079,23.850191691191,9,0
34,Femme,25416,23.508243638513598,8,1
35,Homme,18280,25.12571567786211,8,1
32,Femme,22956,20.29922818690846,8,0
35,Femme,29733,20.484063703767234,8,0
61,Femme,23550,25.2391170902457,10,1
38,Femme,14296,16.620452876875202,6,0
41,Femme,22691,13.429120614405814,5,0
39,Homme,18508,20.26686330548858,5,0
32,Homme,27869,25.723493156262766,8,1
47,Homme,28231,23.022238795947214,7,1
32,Femme,14388,25.42916601649206,7,1
45,Femme,31313,13.93482275830734,7,1
31,Femme,18214,23.26198723329397,7,1
25,Homme,36914,24.615458018569512,10,1
38,Homme,25658,16.596810309557263,7,0
23,Homme,17275,25.44823036218618,7,0
40,Homme,18006,21.55392441397683,7,0
23,Homme,28436,34.28534680642401,11,1
31,Homme,23260,13.291055724413058,5,0
20,Homme,25323,27.476457470699003,9,1
63,Homme,37289,20.423367613895707,8,0
18,Femme,21105,15.531393142239825,5,0
35,Femme,26419,19.892179425740032,9,0
46,Femme,35938,23.109916965349864,10,1
45,Homme,27893,26.149866678260175,7,1
43,Homme,14753,28.887857152528703,6,1
31,Homme,29537,27.68757235481737,9,0
48,Femme,17858,18.138471917182024,7,0
44,Homme,35847,26.520658769064468,9,1
37,Femme,20239,23.565139828483495,8,0
37,Femme,46786,19.381587916284047,9,0
31,Homme,36271,21.152357626090076,8,0
25,Femme,20423,19.160629362221105,7,0
47,Homme,26140,22.148369367745822,7,0
48,Femme,31275,19.08136847082352,7,1
26,Homme,31485,17.888023707130245,8,1
33,Homme,29096,23.916476511131087,8,1
33,Homme,34765,24.514922193038547,11,1
34,Femme,25139,21.24961199963355,8,0
35,Homme,23432,27.470605215743888,9,1
44,Homme,23571,20.958277654019547,7,0
27,Homme,32008,20.78890181949785,9,1
26,Homme,28556,24.64195592938279,8,1
47,Homme,28038,21.470297660226652,8,0
30,Femme,31566,22.339190916104574,7,1
22,Femme,11642,11.91824611752374,5,0
30,Femme,28170,22.0668295389519,8,1
31,Homme,27529,14.691216250114959,8,0
50,Homme,37681,17.116197716004518,10,0
44,Homme,15299,16.65870984497798,6,0
46,Femme,36900,17.829667385864695,8,1
43,Femme,26527,19.80458456147099,6,0
44,Homme,29422,20.05402953781806,8,1
28,Femme,37731,24.657100817028503,10,1
33,Femme,29925,22.889551256538788,9,0
25,Homme,28802,14.395702284728056,8,1
32,Femme,27696,22.33317855018723,7,0
41,Homme,22615,23.27302098633371,7,0
36,Femme,25800,20.685733934988168,7,0
48,Femme,20991,21.75645609237319,8,0
23,Femme,25688,22.761240501588226,8,1
40,Homme,9648,25.058398390542322,6,0
22,Femme,29003,15.70048005014906,7,1
35,Homme,25147,21.022731845441402,6,0
42,Femme,23646,28.033344392230916,8,0
32,Homme,27538,27.666645233191826,9,0
40,Homme,15965,25.40374771110312,7,1
25,Homme,39504,24.147298735822705,10,1
18,Femme,25280,28.618538993608354,9,1
40,Homme,24979,29.671392006426665,11,1
52,Femme,19242,21.48368004781259,7,1
25,Homme,26167,18.12227022684672,7,1
47,Homme,35708,20.91883072950202,10,1
35,Homme,33251,34.38678205508821,11,0
21,Homme,31981,15.722574629099224,8,0
23,Femme,29824,20.117843441882332,8,1
35,Femme,23490,16.349235390029474,4,0
30,Homme,15848,22.49905545150954,8,0
21,Femme,24592,17.18923588442053,7,0
18,Femme,24348,21.56499590866553,8,0
26,Homme,33341,14.199619359924963,4,0
36,Femme,28165,24.4704826603386,8,0
34,Femme,37286,26.8893810258719,9,1
29,Homme,34382,20.464225511746164,7,1
37,Femme,22804,21.459479971697192,9,0
45,Homme,13434,21.34637107707475,6,1
38,Femme,35699,22.7236427009001,9,1
33,Homme,35515,21.847321652134287,9,1
44,Femme,16436,25.072467809722777,8,0
25,Femme,36564,26.932156533803784,7,1
32,Femme,28674,18.743715110031268,6,0
32,Femme,27124,20.762686028902813,6,0
22,Femme,37303,25.60647779569898,10,1
30,Homme,35412,16.313323807763872,7,1
14,Femme,30559,14.11711487261772,6,1
54,Homme,29312,22.905263811593915,6,0
25,Homme,30314,23.98538564428197,8,1
50,Femme,23199,19.110799248185632,8,1
35,Homme,25614,19.685395783518178,8,1
40,Femme,19683,18.959230713036405,7,0
30,Femme,23668,18.532299042622263,5,0
37,Femme,23433,24.7739832824184,9,1
41,Femme,21552,17.278006052009445,7,0
41,Homme,26957,20.937908554266606,7,0
42,Femme,23732,18.37865532994059,4,0
31,Femme,29515,16.17884409639514,7,1
30,Femme,14643,25.480712698987084,7,1
19,Homme,25206,19.920699111305844,7,0
40,Homme,26920,22.75376032168303,8,0
45,Homme,23825,15.96769648079596,7,0
51,Homme,24793,19.032242184974095,7,1
38,Femme,14903,25.024351522780023,7,0
27,Homme,28495,32.34908582338124,12,0
18,Homme,30533,14.095135742438753,5,0
45,Homme,29454,21.195568818842293,9,1
17,Homme,33271,23.649122392574,9,1
31,Femme,27410,19.535599387042865,6,0
32,Femme,29350,25.398087947976496,9,0
34,Homme,27092,18.53306931735875,8,0
35,Homme,30812,22.615390640866565,10,1
36,Femme,14959,19.91171238200656,7,0
10,Femme,19744,26.87772433181909,8,1
35,Femme,37108,19.294541987857578,7,1
12,Femme,8776,20.592504814853935,5,0
42,Homme,25018,25.78275614998862,7,1
29,Homme,34205,17.887845363628546,7,1
13,Femme,25347,22.27500022705429,7,0
26,Homme,23164,14.709862625253592,6,0
29,Homme,26905,17.6482661654837,4,0
46,Homme,23528,23.528525103563215,7,0
36,Femme,26215,18.03720996185507,6,1
38,Femme,21216,19.821708272704832,8,0
46,Femme,33760,23.972345608191752,8,1
34,Femme,35962,19.683255435412278,8,1
42,Homme,25066,25.29136829286543,8,1
41,Femme,16294,22.862651149944256,8,0
22,Femme,22333,23.74273244769801,8,1
49,Homme,24712,26.963862394954127,9,1
20,Femme,29538,23.279292250456262,8,1
44,Homme,18943,28.155389161877377,7,0
19,Femme,20615,25.645049132151293,8,1
41,Homme,29574,19.906190280662173,8,0
53,Homme,32572,27.172592300085086,8,0
32,Homme,21648,23.05546408361178,6,1
32,Homme,16667,20.421281165357986,7,0
41,Femme,48988,23.11354278128353,11,1
31,Homme,31483,26.449307297561052,8,1
53,Homme,24130,23.82018037696889,7,1
36,Femme,32083,29.28957133020559,8,1
31,Homme,25128,26.346122231595288,10,0
29,Homme,32070,24.09264013360865,7,1
25,Femme,27115,17.89572766903537,7,1
28,Femme,26638,21.281069943959515,7,1
31,Femme,25204,22.286656559003404,9,1
30,Homme,15868,24.78652600487099,6,0
28,Homme,39566,24.54933216508877,10,1
55,Femme,19409,22.678161640873146,5,0
24,Femme,16479,22.481399661508686,5,1
36,Femme,24509,24.88182758030428,9,1
40,Homme,19269,18.565655097480057,4,0
41,Homme,25638,28.782063276999427,9,0
34,Femme,30814,13.811332459346115,7,1
32,Homme,32967,27.821637928688116,10,1
39,Homme,31703,21.81925788629935,7,1
37,Homme,23860,26.010319257086376,7,1
32,Femme,26347,23.455361737170453,9,0
19,Femme,28855,23.384137643643207,10,0
30,Homme,13695,24.217017904106083,6,1
23,Femme,29994,25.236217156351113,8,1
28,Homme,15798,20.68467669365104,6,0
35,Homme,40282,26.139196522104946,11,1
38,Femme,23168,17.662117505684865,7,0
52,Femme,24705,21.9786777066955,6,1
29,Femme,20612,25.343879697089108,6,1
42,Homme,21590,25.980070318463557,10,0
38,Femme,41918,23.843155393045603,9,1
47,Homme,32582,20.42643024817706,8,1
40,Homme,15155,25.586831113474815,7,0
24,Homme,36529,19.322535043524987,8,1
17,Homme,34352,29.005636294995643,11,1
38,Homme,24031,21.661316410001344,8,0
29,Femme,28146,15.841497223176159,8,1
25,Homme,25895,17.22126612793379,6,0
22,Homme,39808,22.17457454751835,9,1
36,Femme,20425,22.559301085304213,7,0
50,Homme,27022,29.878626739804382,10,1
30,Femme,23002,17.846002649543095,6,0
40,Homme,15968,22.157848797215724,5,0
33,Femme,41341,17.762314371671774,8,0
22,Femme,17729,20.029380587146385,6,0
42,Femme,27540,28.73588812027735,9,1
24,Femme,13815,17.454655107376038,5,0
35,Femme,23206,24.348169696271334,7,0
31,Homme,28953,23.571629436057567,7,0
43,Femme,20226,21.903314294567167,4,0
24,Femme,30107,24.07774649276695,10,1
38,Femme,24116,17.359918472226845,7,1
26,Homme,34120,28.62529003121423,10,1
29,Femme,35532,29.699381980494085,10,1
-1,Homme,21892,22.188418791037254,4,0
55,Homme,26537,31.692424522454218,9,0
40,Femme,27284,20.40388827380032,8,1
27,Homme,30335,23.60172797542512,9,0
23,Homme,26100,27.727556255098055,10,1
30,Homme,27331,20.16398215910836,7,0
42,Homme,24296,16.47380376448225,7,0
16,Homme,26806,15.553131737524584,6,0
33,Femme,35085,30.243306255610634,12,1
52,Homme,30522,19.883901397444887,7,0
23,Homme,30908,21.257052946326006,7,1
35,Homme,31061,17.54894368671578,6,1
57,Homme,24923,25.793357117316752,7,1
41,Homme,28231,18.873760563101662,8,1
36,Femme,18403,20.03494788935471,6,0
40,Homme,34881,23.198081677664643,8,1
30,Homme,6519,17.74381629101771,5,0
47,Homme,25389,21.285670921943098,8,0
31,Femme,33986,27.60883835801308,11,1
15,Femme,16452,23.71301759006745,8,1
31,Femme,28798,22.522169169713433,7,0
25,Homme,21234,22.85945883785546,7,1
32,Homme,23418,20.443459616093744,7,1
32,Homme,32621,29.9846092790197,9,0
46,Homme,27386,18.75137147786373,6,0
41,Homme,11759,22.84370464785572,6,0
37,Homme,19165,22.46010226537123,9,0
34,Homme,32827,26.03505002853254,9,0
24,Homme,29142,26.41269575517456,10,1
13,Homme,38236,21.871924782051718,8,1
36,Homme,37778,23.1626659724522,10,1
42,Homme,23604,23.314139015655794,9,0
33,Femme,43522,12.911433377717572,8,1
29,Femme,26171,15.644041590088898,6,0
39,Femme,19261,19.579745237112117,8,0
34,Femme,21564,19.753605294492523,7,0
51,Homme,10202,17.20287031214347,7,0
47,Femme,37249,24.998330285494518,8,0
44,Femme,37163,22.00847368406989,9,1
42,Femme,18891,21.141221810452652,7,0
22,Femme,24404,16.97537890197045,5,0
41,Femme,26669,21.821820543020845,8,1
38,Homme,19277,11.493260976005553,3,0
41,Femme,13714,21.348174756776636,6,0
39,Femme,24527,22.252734675231025,6,0
39,Homme,23752,22.967659937285994,9,1
62,Femme,23281,15.743592946082881,6,0
34,Homme,27559,22.8992669467659,10,0
44,Homme,36006,17.83427492054183,8,1
30,Homme,23878,18.750120670830665,7,0
42,Homme,27193,24.87172554329066,8,0
44,Femme,31088,30.056454893438975,9,0
38,Femme,29879,22.20543503521072,9,0
51,Homme,21699,18.73161816543907,6,1
26,Femme,26674,22.754681790039996,7,1
30,Homme,29832,25.756116629996583,7,0
37,Femme,18101,24.48399026349094,6,1
43,Femme,34844,32.97245148985498,13,1
36,Homme,36021,19.138649723621334,10,1
47,Femme,20940,23.008925919677193,8,0
28,Homme,27355,28.195671813672813,9,1
23,Homme,30495,27.944636948074127,9,1
38,Femme,22180,14.199688293902478,4,0
34,Femme,29371,21.986569519840074,9,1
40,Homme,27142,27.9380830633948,11,0
34,Homme,15724,33.56257196159655,9,1
31,Femme,29214,24.815183535003275,9,1
34,Femme,18299,20.528546825214065,6,1
35,Femme,32574,17.96318739025044,7,1
31,Femme,21301,30.874973430123397,11,1
32,Homme,24871,24.914966345863036,7,0
30,Femme,35605,18.60773229245833,8,1
43,Femme,29474,21.187374534664876,8,0
36,Homme,18443,23.240746067314817,7,0
57,Femme,18895,24.17522661555247,8,1
36,Homme,21804,18.40152536981684,6,1
29,Homme,28762,19.54323832749803,8,1
61,Femme,28508,15.38826175050816,5,0
39,Femme,20098,26.159049158419126,8,0
44,Homme,17829,20.633526132918735,6,0
40,Homme,27971,23.865286596733167,6,1
41,Femme,24726,27.68903403430531,8,1
40,Homme,41100,22.879480569495783,9,1
23,Homme,26256,21.548118096203726,8,1
38,Homme,38699,22.77568590753574,8,1
21,Homme,17807,22.252774415400907,6,1
33,Homme,14987,26.98465999151178,9,1
27,Homme,18159,23.24335359015516,6,0
38,Homme,34323,19.82239592168435,6,1
38,Femme,38292,26.191396227559,10,1
39,Homme,20524,26.92193742543341,7,1
37,Femme,22776,16.646677492718148,5,0
28,Homme,17817,28.13113553907242,9,1
32,Femme,13318,23.458847092833942,8,0
44,Homme,31028,23.133079800586394,9,1
45,Femme,27561,26.02649852638606,10,0
23,Femme,26073,19.732094435982884,8,0
19,Femme,16199,25.816658056763696,5,1
27,Femme,37479,20.49289812104858,9,1
45,Homme,22476,16.100197281158646,5,0
47,Homme,29735,18.008974883572265,6,0
25,Homme,15818,24.268087331612907,8,1
38,Homme,24666,18.218126640021367,5,0
53,Femme,28039,28.440304492758596,8,0
39,Homme,28289,26.75713381375857,10,1
49,Homme,27082,27.33375666413186,10,1
44,Homme,29461,22.499114318709648,8,1
25,Homme,18086,23.031446469179837,6,0
33,Femme,27381,17.22515258302289,7,1
35,Homme,26796,25.983134040629963,9,1
36,Homme,27621,23.51933382014834,8,1
44,Femme,26506,24.26922250116904,7,1
39,Femme,17087,28.75324724581153,8,1
5,Homme,16775,19.57614806420996,7,1
21,Femme,10500,21.495433800490726,7,1
13,Homme,31722,23.30668368616867,8,1
36,Homme,31793,18.258258378165173,7,1
37,Homme,31904,21.24960471489264,8,1
37,Homme,28147,23.971799241867878,9,0
25,Femme,11068,20.698314914508675,5,0
41,Femme,18813,27.23595763891645,5,1
42,Femme,27192,15.956301752732024,7,0
22,Femme,26948,26.491084960933367,11,1
20,Homme,24440,24.64474189926402,7,0
34,Femme,28582,19.724685649773637,6,0
52,Femme,26081,18.30236572708001,7,0
51,Homme,26845,13.678869531030193,5,0
40,Homme,21526,18.819299950344664,7,1
27,Femme,32874,26.18870662001199,9,1
43,Homme,22984,21.775657094885304,6,1
30,Homme,16685,26.651923521567365,7,0
27,Homme,20603,19.52051571750179,7,1
13,Femme,23560,24.828424640426253,9,0
36,Femme,32958,19.130005591662314,9,0
28,Femme,25704,18.137699975160643,6,1
35,Homme,24696,21.571491131317295,9,1
12,Femme,17259,19.340133954720013,4,0
36,Homme,31498,15.82871140385115,7,1
10,Femme,21436,21.270741197132025,5,1
45,Homme,25299,22.425741665725155,7,0
40,Homme,36361,27.07343444598427,11,1
32,Femme,29561,25.74722270853224,10,0
40,Femme,14602,26.879772796931327,7,0
25,Femme,13613,24.881429993574034,7,0
35,Femme,25549,23.3304510357999,8,0
42,Homme,17510,17.08422037411243,6,0
4,Femme,30539,22.5994887917411,9,0
30,Homme,26295,24.387175109323255,8,0
34,Homme,27157,27.829751797481745,8,0
33,Femme,21052,24.745154166927254,8,1
49,Homme,38189,26.961533738421686,10,1
23,Femme,45898,17.872008434539044,7,1
28,Femme,24049,20.69432949540762,7,1
15,Femme,28471,23.717402854645083,8,0
50,Homme,26681,26.643810762970247,9,1
32,Femme,24182,21.41908541664432,6,1
30,Femme,20175,21.670216163403385,7,1
34,Homme,18405,24.748561224011915,6,0
41,Femme,18050,17.4965166914195,5,0
38,Femme,28836,28.429618199293717,9,1
61,Homme,22362,18.48345562756926,8,0
39,Femme,7951,14.325642305762788,5,0
30,Homme,29114,22.04026803409032,9,1
29,Homme,25732,28.79383480950226,11,1
31,Homme,35426,24.34581252133444,13,1
19,Homme,28611,25.00436217201453,9,1
35,Homme,15649,22.165543049228457,8,0
42,Homme,10392,21.390490010915293,7,0
28,Homme,20963,15.820362521627537,7,1
26,Homme,21624,12.962454968383256,7,0
50,Homme,32602,22.785089353763453,8,1
20,Femme,25937,27.250196777360905,8,1
14,Femme,33935,23.376534819312262,9,1
23,Femme,16726,24.494398108208053,7,0
19,Homme,32756,28.33487018255816,10,1
38,Homme,31046,23.315067405764232,10,0
31,Homme,11872,21.50937959876952,6,1
32,Femme,35258,18.72590077739974,7,0
46,Femme,26654,30.088850251888346,10,0
28,Femme,28744,24.10619111661472,8,1
42,Homme,19945,18.225593136322676,4,0
50,Homme,34926,17.315329328795052,7,1
30,Femme,17699,27.01225490771565,9,0
42,Femme,31824,17.850233214366696,9,0
32,Homme,31744,29.415336630008884,9,0
44,Femme,19180,10.974148811637155,3,0
19,Femme,39883,27.690380791159907,10,1
18,Homme,27620,23.94757924464786,6,1
31,Femme,30577,22.474377692227495,8,1
26,Homme,15310,21.29816625983295,5,0
29,Homme,40824,29.562919394376117,12,1
32,Homme,17428,24.828235433604814,7,1
42,Femme,33174,18.387185564418196,9,1
30,Homme,19036,15.124360175884474,6,1
26,Homme,21667,22.709188852589232,7,1
31,Homme,31521,21.995715465850342,7,1
27,Femme,33192,15.920527850497963,7,0
25,Femme,17101,21.778425898070658,7,1
18,Femme,33633,19.704261467703198,8,1
35,Homme,33314,22.037160273226778,8,1
29,Femme,19434,24.903694446593608,8,0
44,Femme,37190,27.970439789856144,10,1
20,Femme,15801,25.63555614547715,7,1
29,Femme,21626,19.11423700067918,6,1
53,Homme,29353,23.47566051531678,8,0
25,Homme,20025,22.252428485968096,6,0
32,Homme,27846,16.671484181476394,7,0
22,Homme,27687,23.59293113876909,8,1
21,Homme,24690,29.426689351670856,10,1
50,Homme,31826,22.129706416748014,10,0
36,Femme,24401,15.623269281098398,6,0
36,Femme,27620,22.121074684434475,9,1
18,Femme,34025,17.145151204106998,7,1
38,Femme,31534,25.45442202754515,9,1
46,Homme,31502,24.099459966900515,9,0
46,Homme,17955,21.316359786101028,7,0
41,Femme,29673,20.675342936576715,8,0
23,Femme,19850,21.151062793537815,6,1
38,Homme,17030,22.03309797736928,5,0
41,Femme,25498,18.91105991463383,7,0
17,Femme,19669,16.448987675994253,6,1
23,Femme,31534,26.55479578677859,10,1
43,Homme,31701,20.458396094012166,8,1
43,Homme,12681,22.668172416676576,7,0
19,Homme,20201,23.141127804669978,8,0
42,Femme,15781,23.288081918620854,8,1
35,Homme,22761,17.304728011606304,5,0
42,Femme,29186,15.29663934179261,5,0
28,Femme,24303,19.64522990123203,6,0
41,Homme,21871,23.582846129667814,8,1
43,Homme,35101,19.088200530102746,8,1
31,Homme,9865,20.580314585203066,4,0
35,Homme,34658,30.509189654998274,12,1
28,Homme,22189,14.618304460781857,5,0
51,Homme,25453,18.979864016358007,7,0
33,Homme,22308,29.586416274295715,10,1
25,Femme,36800,21.821605312019106,6,1
27,Homme,17383,19.176059338004357,6,1
36,Femme,26082,26.67507566804448,8,1
42,Homme,29692,22.220921745924446,8,0
21,Femme,14722,20.606766419823977,6,1
53,Femme,19560,22.769475708150043,9,1
38,Homme,24962,19.367564762468934,8,0
39,Homme,19793,17.930035748447686,7,0
34,Homme,20290,21.54561228946101,7,0
35,Femme,23550,17.956012159695973,5,0
33,Homme,30547,22.04277324718592,6,1
45,Homme,23600,23.417626269897355,6,1
34,Femme,33548,25.412241824206443,10,1
42,Femme,19015,26.51169994206731,8,0
30,Femme,17236,20.377053993470994,6,1
36,Femme,39484,23.997658431756278,9,1
26,Femme,21394,23.970093784825426,10,0
47,Femme,16823,23.311274863263936,6,1
26,Femme,13805,20.082162356198165,7,1
31,Femme,33525,17.88772875014356,7,0
31,Homme,23610,24.00800755626624,8,0
31,Homme,24224,15.1725497512278,7,0
42,Femme,24885,20.928642269726755,9,0
31,Femme,33090,11.785475937405607,6,1
48,Femme,24743,16.654390306566945,7,0
26,Femme,42408,18.491464246210302,9,0
36,Femme,26936,26.386896830517138,9,1
27,Homme,33432,24.752432097617074,9,1
39,Femme,31636,19.78426126463103,7,1
34,Femme,25744,24.917479180519003,8,0
33,Homme,21891,25.550491853521585,7,1
46,Femme,28323,21.357340606501115,9,0
28,Femme,29570,16.46248742314524,6,1
40,Homme,21991,21.168350759735542,6,1
27,Femme,27164,21.608430379311454,7,1
36,Femme,34653,17.070182436679097,4,0
23,Femme,40489,23.468187171719872,9,1
28,Homme,31980,23.119247417209422,9,1
34,Femme,39039,23.780170799576748,9,1
53,Femme,21594,23.115692388669775,9,0
36,Homme,30913,24.91937214045993,9,0
51,Homme,35369,21.282687888507873,9,0
37,Femme,19725,22.807140429483812,6,0
31,Femme,22600,20.409038863017873,6,1
50,Femme,38165,19.662003137512198,8,1
39,Femme,19174,27.352998523048303,7,0
28,Femme,16612,13.824925193894014,4,1
39,Femme,36695,25.507039956617056,8,1
32,Femme,34377,19.517836498217356,7,1
15,Homme,29024,18.999847289427517,8,1
44,Homme,25680,23.04630993626163,8,0
45,Femme,22930,16.04156155059599,5,0
53,Homme,27973,18.735907712215187,7,1
39,Femme,37058,18.603441413948033,9,1
32,Femme,27669,21.11440696725962,8,1
43,Femme,41168,18.783449247357247,9,0
43,Femme,19714,28.404474742557078,8,1
51,Homme,25862,29.188066065991816,9,0
34,Femme,23388,13.912025909007747,6,0
33,Femme,18404,24.177290819062947,9,0
27,Femme,24928,25.434653756310297,10,1
40,Femme,28921,24.171940809564422,9,0
19,Homme,29669,19.36754602763322,7,0
42,Femme,41193,21.023617751365833,10,1
40,Homme,29251,19.006901380889218,8,0
40,Homme,34050,20.318943875364685,6,1
36,Femme,26462,17.160139885331297,5,0
50,Femme,37746,21.540844713461798,9,1
43,Femme,42789,15.98879315477972,6,1
28,Homme,29717,21.19946178308745,7,1
29,Homme,19051,17.005673243600942,5,0
26,Femme,22158,22.827265447165615,7,0
40,Femme,27973,19.282321756228438,7,0
24,Homme,29195,23.16232139149815,8,0
45,Femme,30888,26.32632291345913,10,0
48,Homme,29221,28.357787744418832,9,0
26,Homme,26048,11.887981643918039,5,0
33,Homme,21546,18.66322362450487,5,0
35,Homme,28807,20.787655691551944,9,0
43,Femme,38984,23.841311273525932,9,1
51,Femme,33139,15.398581983381883,6,0
18,Homme,29742,18.071630372799138,7,1
31,Femme,33206,22.52142881062844,8,0
32,Homme,23402,22.33955296610667,7,1
20,Femme,22442,23.510473625680373,8,1
30,Homme,20765,23.774702907552467,7,1
39,Femme,25122,23.35437773246345,10,0
32,Femme,23045,22.77462126652597,7,1
19,Homme,34457,22.222959093305473,9,1
63,Femme,22672,24.65905235889745,6,1
37,Homme,20380,13.0427093337431,4,0
36,Femme,39598,28.17733394788494,9,1
24,Homme,22840,13.182071796478704,4,1
37,Femme,27074,17.683352732382033,7,0
33,Femme,29159,21.09295681339942,9,1
16,Homme,18043,24.69045156435937,8,1
24,Homme,34648,10.018932436801535,5,1
42,Femme,30459,21.887502704232663,7,1
54,Femme,36908,25.16958015766294,11,0
38,Homme,21245,25.978072464113907,10,0
46,Homme,26693,19.210681366010164,7,0
33,Homme,26275,20.79665885217987,8,0
34,Homme,27847,19.535407484429488,8,1
45,Femme,15817,20.429301385895663,7,0
51,Femme,26775,17.87269379708626,5,0
48,Femme,16014,18.44299135011633,5,0
24,Femme,28508,23.73750768811347,9,1
34,Femme,11099,22.526461493090967,7,0
37,Femme,13038,23.966346030361894,6,1
32,Homme,31729,22.856057558803347,6,0
38,Femme,22172,24.817354404590382,7,1
43,Homme,19084,25.51285599261998,9,1
45,Homme,34895,15.033133520535584,5,0
51,Homme,28293,18.582761398342548,6,0
31,Homme,32104,21.074496170039843,8,0
21,Femme,24836,21.909289898050634,7,1
38,Homme,44757,19.319637704727867,9,1
53,Homme,21768,25.64809468395322,7,1
30,Femme,38211,29.919793473162393,10,1
41,Homme,25570,22.744647822326936,9,1
41,Homme,14418,22.337364128792846,5,0
36,Femme,29379,25.397825020417326,10,1
35,Homme,28203,14.536640979186256,5,0
25,Femme,18640,22.113875761753643,8,1
12,Femme,19544,25.91614330187007,8,1
23,Femme,25827,19.427384011195553,6,0
31,Femme,28448,17.093757680392137,6,1
45,Femme,8705,21.256777559600888,6,1
33,Homme,33371,21.757258267192316,8,0
29,Femme,22538,18.365390872338168,7,0
26,Femme,16677,30.384645104203805,10,1
41,Femme,32587,20.08521447596822,7,1
48,Femme,25834,17.385362594293724,5,0
45,Femme,34513,21.625514723717554,7,1
41,Homme,29065,25.631442550817965,8,0
20,Homme,25989,22.069656995992926,9,1
31,Femme,24930,23.94237568017601,9,1
54,Homme,29378,18.51395762266737,7,0
46,Femme,23105,27.950753785614054,9,0
19,Femme,20031,24.246844111673774,9,1
34,Femme,30269,26.19080627551044,11,0
38,Homme,24988,23.460642529900678,8,0
27,Femme,26234,25.299536150915138,6,1
11,Femme,33625,18.50778976129109,8,1
35,Homme,25202,20.03435833324175,8,1
27,Femme,26105,27.38592238222412,9,1
27,Homme,21802,28.238967789135856,9,1
31,Homme,29015,17.411737601123694,7,1
33,Femme,28448,22.998944271455247,7,1
34,Homme,32305,20.27622479805909,7,1
26,Femme,21946,19.211874122540554,6,1
32,Homme,22795,23.139358781421798,9,1
17,Homme,31544,26.563851729461632,9,1
38,Homme,27765,23.806649893136775,9,0
6,Femme,19656,20.72195020032386,7,1
32,Homme,35145,24.05944471974064,11,1
44,Femme,14110,20.560095305676395,6,0
24,Femme,31489,23.64845720292241,7,1
42,Femme,17143,27.585862801822934,9,0
46,Homme,39200,13.69136136279669,9,0
1,Homme,15187,25.189009194160136,8,1
33,Femme,34065,15.843780313718126,6,0
6,Femme,25428,26.913310842177847,8,1
33,Femme,23433,19.451897560508556,6,0
34,Femme,27297,17.129314489574064,9,1
10,Femme,30423,24.78107690835499,8,0
54,Femme,19669,23.456680252569644,7,0
37,Homme,20289,18.003252388153367,6,0
26,Femme,30547,16.988000971326425,6,1
49,Femme,14048,21.250074050034872,8,0
17,Femme,21910,17.183652199315212,5,0
22,Femme,47284,17.754108108305488,10,1
12,Homme,19223,22.462483161685736,7,0
53,Homme,34034,18.136513462979615,9,1
38,Femme,21898,23.706157160106173,9,1
41,Femme,29563,27.960574383533906,10,1
38,Femme,30580,21.40577834039767,8,0
40,Homme,33902,22.520604247942337,9,1
35,Homme,24598,30.072386931341946,9,0
37,Homme,39922,17.249595530490613,6,0
36,Femme,21874,26.764940780722966,10,0
28,Homme,27639,26.28343039164993,9,1
34,Femme,27716,25.417269356695133,7,0
37,Femme,18146,27.166991402930524,6,0
36,Femme,23998,23.122299863834474,5,0
20,Femme,27130,19.66828201760293,8,1
21,Femme,22975,26.37829316488227,8,1
45,Homme,43086,26.531368846851578,10,1
31,Homme,20129,26.42125560597315,9,1
40,Homme,34255,22.178008329276945,8,0
24,Femme,31995,19.135221945546693,8,1
20,Homme,25902,22.765449016446446,8,1
26,Femme,19943,25.768920070271342,8,0
32,Femme,20622,26.09740715943986,7,1
28,Femme,22374,20.28129549170162,6,1
47,Homme,13499,23.26149158450956,7,0
36,Homme,18975,16.764886782056177,5,0
53,Homme,15622,25.939800412023406,9,0
39,Homme,35421,18.866764973099745,10,1
10,Femme,30329,25.141021438286188,9,1
45,Femme,31501,17.402781690439355,8,1
19,Femme,30121,26.12566362573603,10,1
37,Femme,27168,23.28734076009108,8,0
27,Femme,36224,18.874569217532216,8,1
56,Homme,21724,24.7654255243221,10,1
49,Homme,26746,19.638553232778676,7,1
27,Femme,31229,24.998220149780515,8,1
33,Femme,16751,20.903554098477116,5,0
37,Femme,47676,15.11581149748135,8,1
43,Femme,26199,18.07033503807625,6,0
35,Femme,26993,20.27834116525086,9,0
24,Homme,34798,27.47275609499431,10,1
27,Femme,32404,25.6045745221169,10,1
34,Homme,26266,28.49544564928857,9,1
47,Homme,26910,28.614540864119434,8,1
39,Femme,15470,19.86099678163634,5,0
27,Femme,22104,21.24605256096468,6,1
41,Homme,29620,20.354880302677845,8,0
31,Homme,29107,19.313957578795694,8,0
43,Homme,34548,14.634021162654166,7,1
60,Femme,25156,21.94100912793263,6,0
31,Homme,16288,16.857737625155558,5,0
43,Femme,33397,21.863312473862692,7,0
27,Homme,36052,30.46308323825194,11,1
33,Femme,32287,19.962619614677166,8,1
35,Femme,24854,22.77909602251227,7,0
33,Homme,33310,25.62659354323713,10,1
59,Femme,50002,23.121165167863627,13,1
31,Femme,26806,23.169936751769182,9,0
40,Homme,16817,20.550390265247678,6,0
15,Femme,21896,21.07248809975507,7,1
39,Homme,30378,18.159957911248686,7,1
46,Homme,14766,25.38418003555763,7,1
29,Homme,27185,15.034033373543616,6,1
9,Femme,28662,25.88435335352881,8,1
34,Femme,36745,16.38520646101903,5,0
35,Homme,35171,25.85042909630661,10,1
42,Femme,32052,20.584729895151277,8,1
55,Homme,10861,17.07252524746768,4,0
31,Homme,32447,24.317194580318546,8,1
26,Homme,30938,25.715070140303098,9,1
23,Femme,27791,20.247685407585852,6,1
36,Femme,13888,24.882442194715733,7,1
39,Femme,20562,12.859662021322599,7,0
29,Homme,17832,16.7176148410136,6,1
42,Homme,11894,27.169635721874915,6,1
39,Femme,25979,21.105322903208336,6,0
35,Femme,20415,14.55114669420461,5,0
25,Homme,44377,19.204535278232026,7,0
30,Homme,24818,18.30639810989968,5,0
10,Homme,35056,21.3361530741083,9,1
37,Homme,15016,20.516996064769412,6,1
35,Femme,22289,22.715726915752644,8,0
36,Femme,26678,21.7221357935497,8,0
40,Homme,19642,27.438957020148074,8,0
38,Homme,23044,23.698194398878677,7,0
33,Femme,24474,23.830686444774344,8,0
35,Homme,24362,26.660628495578088,10,0
20,Homme,38985,20.444924998281675,8,1
29,Femme,28647,16.95249022656606,6,0
35,Femme,29356,26.827881298528997,8,0
27,Femme,29777,22.54336699243245,7,0
43,Homme,30288,22.557404831595715,8,1
28,Homme,25419,19.466680313879053,5,0
37,Femme,23754,19.53257866758569,7,1
36,Femme,27167,25.386889355083376,9,0
42,Homme,34097,25.93862319255044,8,1
44,Homme,33883,25.135293622986634,8,0
41,Homme,24317,25.1718464217819,8,1
13,Femme,31374,24.276118149039036,9,1
46,Femme,24637,22.526090920312626,8,0
50,Homme,26237,21.298481262716077,7,0
30,Femme,22685,26.841295399766214,10,0
37,Femme,24728,20.505116518038264,7,0
26,Femme,35389,23.479916855522987,8,0
15,Homme,26646,18.783948008183014,6,1
27,Homme,26946,19.362803852598198,8,1
29,Femme,15869,21.055381728571096,6,0
31,Homme,23835,18.784246493091345,7,0
25,Femme,24310,25.191407301913202,9,1
27,Femme,20195,16.607862993819882,4,0
34,Homme,26151,22.396918493524293,7,0
27,Femme,22995,22.530032387368724,6,1
40,Femme,26559,14.756801686721277,5,0
41,Femme,26850,20.235904717905566,7,0
58,Femme,19309,23.02279815219257,8,1
46,Femme,23209,23.71491197317627,9,1
37,Femme,26541,21.182771165599338,7,0
28,Homme,34290,24.70755281792286,9,1
37,Femme,27797,21.562734971055836,7,0
38,Homme,21366,22.054611648300227,7,0
29,Homme,28793,23.006615475946216,8,1
42,Homme,37952,25.707998514936676,11,1
21,Homme,32416,19.297127990337874,8,1
32,Homme,29832,20.05271250992681,5,0
40,Femme,31079,19.32441403308314,7,1
32,Femme,36079,20.671209135432267,10,1
32,Homme,33529,27.70493703231906,9,1
33,Femme,29967,24.29090127731929,10,1
26,Homme,33480,17.475641019324634,7,1
46,Femme,18428,19.5982121376453,6,1
24,Homme,15484,23.49106889710561,6,1
38,Homme,27099,18.37396887626892,6,0
39,Homme,26480,19.098639836740972,8,0
25,Femme,22192,27.379838664696596,9,1
35,Femme,31780,19.546497486107253,8,1
25,Homme,12959,25.818667264117547,6,1
48,Homme,22256,27.021292758123753,9,0
23,Femme,22605,19.066151635324143,8,0
28,Femme,14545,18.440149773771434,7,1
22,Homme,36463,20.89547165407534,8,1
21,Homme,16485,17.6454891173055,4,1
50,Homme,21881,22.48413551401097,8,0
40,Femme,32355,21.177392352586455,8,0
36,Homme,30522,23.442320063545207,9,1
28,Femme,18242,27.587773824931283,9,0
44,Femme,30777,25.269939923081278,8,0
26,Homme,28028,23.956959101649424,8,0
42,Femme,42331,14.135806348128327,9,1
26,Homme,28827,23.7735039284095,8,1
28,Homme,25011,28.890510642818196,8,0
42,Femme,20004,9.957909934745933,2,0
43,Homme,20790,24.757530171902502,7,0
40,Femme,20219,21.362565700974145,6,0
24,Femme,35597,18.60081998790822,9,1
30,Homme,26125,25.204514335647815,7,1
36,Femme,29956,28.838823602429322,11,0
26,Femme,36599,25.100922915351013,8,1
48,Homme,9490,20.515232194953896,8,1
10,Femme,34952,18.226120702367375,9,1
27,Homme,26387,22.578510535158173,8,1
29,Homme,29045,25.492677169526353,7,1
6,Femme,20201,20.451787895065088,7,0
21,Femme,20714,20.838468033396815,6,1
41,Homme,29421,33.28800099935359,9,1
35,Femme,42692,26.314607783838902,11,1
50,Homme,33023,26.60051471357453,9,1
50,Femme,34858,16.158856375764753,6,0
39,Homme,24655,19.17124528282616,7,1
38,Homme,21798,22.298726557816956,7,1
35,Femme,20534,17.9954497684594,8,0
8,Femme,22582,28.40158919555718,8,0
21,Femme,11630,27.641249226362582,8,1
36,Homme,20925,19.865818650463787,7,1
41,Homme,22077,29.13567442642994,9,1
37,Femme,24772,21.98299161312023,8,0
26,Femme,26922,32.35755886955619,11,1
44,Homme,28537,22.578744522100145,8,0
49,Femme,25895,24.30477100131369,8,1
44,Femme,21929,27.59961376467823,9,1
44,Homme,12256,27.110533399231237,7,1
29,Femme,21972,24.042928264543573,7,0
45,Homme,19192,21.435438722224657,7,0
36,Homme,29262,24.056530799972478,9,0
40,Femme,32365,18.73526331249554,8,1
38,Femme,32569,22.608534875456463,9,0
33,Femme,31298,17.56276987000802,7,1
26,Homme,25065,14.876473439678794,6,0
34,Homme,22346,22.201707056557773,7,0
44,Homme,20770,27.04911156268669,9,1
30,Femme,15447,25.703218566384237,7,1
43,Homme,32942,21.672350817097566,8,1
42,Homme,24777,28.987958792701985,10,1
32,Homme,17275,19.723754436613707,5,0
48,Femme,20214,14.328669352807907,6,0
31,Homme,19931,13.271594823196152,5,0
50,Femme,26301,17.275236237617133,8,1
39,Femme,33472,25.266498973048915,9,1
34,Homme,23564,19.460789266130455,7,0
26,Homme,10232,23.84383456742921,6,0
34,Homme,24675,28.58513353433591,8,0
32,Femme,24906,17.599612149688774,6,0
22,Femme,24425,23.91399892718356,9,1
32,Femme,21607,24.15585229062289,7,0
26,Femme,27522,18.55704804610759,5,0
40,Homme,26462,27.416843700980333,9,0
48,Homme,25826,20.849171777802095,6,0
22,Femme,28888,20.464988076347964,8,1
52,Femme,22991,30.44645287367189,11,1
33,Femme,22593,24.091066969466873,9,1
25,Femme,35660,25.701162198741994,11,1
42,Femme,29915,27.419571726087355,9,1
30,Femme,31788,19.398104002163134,7,1
34,Femme,34582,26.99928438821472,9,1
30,Femme,29681,19.99242354000932,7,1
26,Homme,32498,19.82150644264681,7,1
42,Homme,14944,20.912000110767455,5,0
32,Femme,27429,19.51174066022018,8,0
20,Homme,24720,25.288625730628652,6,1
40,Homme,37743,23.068842620580224,10,0
22,Homme,32493,20.035102341531548,9,1
23,Femme,21586,24.698020132619288,8,1
46,Femme,28609,20.899270250454617,6,1
23,Femme,27173,20.687718518541292,6,1
11,Homme,29180,22.194735539606175,7,1
41,Femme,18868,23.853841422664868,8,1
31,Homme,28520,23.55939059750968,8,1
32,Femme,24402,20.54700327098868,6,1
31,Femme,27977,25.38844482975761,10,1
37,Homme,20929,21.110423395681376,9,1
27,Femme,21904,19.380062045565126,6,1
49,Homme,34216,16.127913404930595,7,1
20,Femme,18639,25.932713923996086,6,1
39,Femme,19155,22.04956030477603,7,0
41,Femme,25638,22.84348943404206,8,1
27,Homme,20596,26.183211662798062,8,1
24,Femme,19804,20.090375073608737,6,1
45,Homme,26735,16.502403006103485,6,1
25,Homme,15464,22.279122808860873,6,0
28,Homme,18944,23.23184620832118,7,1
43,Femme,40378,20.94860373535851,9,1
35,Femme,29216,27.894950312304676,7,0
17,Femme,20774,12.055333729114574,5,0
52,Femme,28927,26.48022655159913,9,1
29,Femme,29971,25.164614601456904,8,1
30,Homme,32960,23.827083110801837,8,1
37,Homme,25109,8.656393802123615,4,0
41,Homme,32835,27.135555133081073,9,1
54,Homme,11730,17.89426355745646,5,0
18,Homme,18605,19.96923208646645,6,1
43,Homme,27147,21.317629340839726,5,0
42,Femme,28307,23.6296721386079,9,0
33,Homme,19617,24.5577121687702,7,0
42,Homme,27815,25.571362217277187,11,1
44,Homme,21633,25.263414040314064,7,1
21,Homme,24061,23.011708816852504,7,1
52,Femme,33173,23.663690636230363,9,1
19,Homme,32362,17.636985136711015,8,1
23,Femme,19020,18.995892772723913,4,0
32,Femme,18599,25.58184089469933,7,0
54,Homme,23121,25.348837946914724,9,1
31,Homme,25812,24.895197665777683,7,1
34,Femme,21394,19.94233295337389,8,0
49,Homme,33284,25.641968527774782,9,0
31,Homme,28431,17.355022190078568,6,0
23,Homme,28842,26.30943923944909,10,0
30,Femme,17134,20.95651679501644,8,0
48,Homme,34171,28.73668162536253,11,0
35,Femme,6258,15.91423163173806,5,0
54,Femme,31838,29.053616183674087,12,1
42,Femme,32540,20.554142683346154,7,0
28,Homme,22973,20.482082975953023,8,1
35,Femme,34910,22.779355275942386,7,1
26,Homme,25558,19.211684348797213,7,0
28,Femme,26437,21.710683994790774,8,1
79,Homme,28376,19.04949493891658,8,0
45,Homme,48306,19.19574587608325,10,1
43,Femme,35411,23.947543801202286,10,1
28,Femme,30907,18.393738018785935,7,1
50,Femme,19610,18.927223059978072,7,0
45,Homme,27005,16.508835001014365,6,0
53,Homme,20308,19.984277280154643,6,0
53,Homme,31754,27.246408118895687,11,1
20,Femme,26983,18.616265439588126,8,0
23,Homme,18128,19.073466939251034,6,1
24,Homme,26567,22.77568778592614,8,1
25,Homme,20054,20.516814264801894,7,1
38,Femme,27058,30.912617733398598,8,0
29,Femme,19986,21.349888141294972,6,1
55,Homme,26192,23.340873384869486,10,0
54,Femme,31253,25.775075139197288,8,1
34,Femme,25628,25.698311463451404,11,1
54,Femme,23263,22.933150326229516,9,0
49,Femme,27422,21.355490053255995,8,0
30,Femme,30880,30.096114145517028,11,1
14,Femme,18249,21.600958898742935,6,0
32,Femme,27824,20.233239582286078,7,1
28,Femme,35222,19.416604046823927,9,1
37,Femme,30015,15.092787189172977,6,1
35,Homme,26404,25.28646300894865,10,1
35,Homme,30478,12.607726411596694,4,1
40,Femme,29167,21.97710863638032,7,0
22,Femme,31275,21.18055746291446,10,0
39,Femme,11832,30.959860768925793,8,1
30,Femme,15125,14.673395085145494,4,0
36,Homme,33033,18.39558685206257,9,1
44,Femme,15463,21.455614165273403,8,0
22,Homme,28810,21.209882650123326,9,0
32,Homme,23535,19.801821636759822,6,1
33,Homme,19026,21.67604836239133,7,1
29,Homme,28447,16.961749084521035,7,0
43,Homme,27407,23.428771515979754,9,0
27,Homme,40772,12.714058631689687,6,1
29,Femme,21626,21.896922576490972,7,0
27,Femme,36080,19.598573222945706,8,1
45,Homme,28466,26.065151771026542,10,1
30,Femme,21372,29.021244282533218,10,1
39,Homme,31594,20.67579132499857,6,1
54,Femme,29960,27.562903716565724,9,0
34,Homme,26250,20.735534877478358,6,0
46,Homme,27864,18.13549390748364,7,0
51,Femme,21821,28.98361452874248,10,1
45,Homme,20219,24.083105778936027,8,0
34,Femme,31316,22.017754090439258,8,1
41,Homme,24432,24.748709900394594,8,0
22,Femme,25439,23.09686014052067,8,1
27,Femme,27958,21.723122368233927,7,0
28,Femme,27857,16.694260690768015,5,0
57,Femme,15994,20.917853051354932,4,0
26,Femme,35003,24.493021693833892,10,1
26,Homme,26848,21.50891429725276,8,1
24,Homme,24581,25.609303044521543,9,1
40,Femme,29015,23.534620095467154,10,0
36,Homme,27655,18.487454727658374,6,0
45,Homme,31369,16.723312168671505,5,0
41,Femme,29765,21.371286000279326,8,0
21,Femme,31024,19.90308620758165,8,1
26,Homme,35456,23.345287238486744,7,1
48,Femme,32185,19.12744936494908,8,0
32,Femme,24876,19.53843069698049,6,1
46,Femme,18139,26.21227887037965,7,0
33,Homme,37674,22.592811874511593,9,1
25,Femme,24335,19.189091738290827,4,1
31,Homme,22688,22.07056723494008,7,0
25,Femme,13842,27.51564497200673,7,1
29,Homme,28369,23.17514675309889,9,1
37,Femme,27042,24.37180323770052,8,1
40,Femme,15394,18.99106185389023,6,0
19,Femme,29172,26.105677508538403,6,0
34,Homme,22512,31.272409041855205,9,1
29,Homme,44832,18.834129429948586,9,0
28,Homme,22014,17.27242410251204,6,0
36,Homme,22953,22.702168975340594,8,1
29,Femme,19876,25.50202019937764,6,1
48,Femme,34945,21.634441311798955,9,0
46,Homme,23390,17.787174415829348,6,1
46,Homme,20925,21.56566335287844,6,0
30,Homme,30948,24.392369091109817,10,1
25,Homme,16337,20.371872692215764,7,0
35,Homme,30375,24.429020071019686,10,1
33,Homme,38469,26.65884314095964,12,1
28,Femme,29966,22.96092250308179,10,1
23,Homme,30465,21.888208914886828,7,1
34,Homme,32090,25.317375700905128,9,1
30,Homme,37967,18.57559669025108,8,1
41,Femme,34469,18.181160665228308,10,1
41,Homme,29077,20.93371086028406,9,1
46,Femme,32327,20.032482180742132,8,1
22,Femme,19798,18.786632098838098,7,0
39,Homme,31434,29.321873899995097,9,1
27,Femme,18961,30.687972837977163,9,1
22,Homme,23430,20.585179830977673,6,1
30,Femme,4422,22.366875798993462,4,0
45,Homme,28810,21.248628719744836,8,0
31,Homme,21492,26.429996960472625,9,1
50,Femme,33778,27.222582247360187,10,1
40,Homme,28731,14.890944805241414,6,1
31,Homme,33868,23.904043200262503,8,1
46,Femme,18414,16.772714635355406,4,0
39,Femme,33268,29.033088631501112,9,0
25,Homme,40740,23.760992120841593,9,1
53,Femme,31349,18.706601846549454,8,0
37,Homme,31532,21.034714448248586,9,0
35,Femme,27187,20.844090966935365,6,0
26,Femme,22327,24.100451771543263,7,0
46,Femme,31328,26.16765041670991,8,0
40,Homme,15457,17.40717083211316,3,0
41,Homme,23075,29.355018003648453,10,1
29,Homme,13602,28.422760431283372,8,1
43,Homme,21074,18.49870572963582,6,0
44,Homme,30494,22.291207177449238,9,1
28,Femme,29537,28.843234176457266,10,1
20,Homme,26356,26.931674346709933,8,1
40,Femme,27192,20.653027879808416,8,0
19,Femme,12798,25.257359258271492,8,1
36,Femme,23392,33.988793166876555,11,0
30,Homme,21230,22.42063992740485,8,0
47,Femme,21386,19.46940699423992,6,0
31,Homme,30197,22.689679408365595,8,1
46,Homme,19976,22.98620838198927,7,0
29,Homme,21767,19.90185304399961,6,1
44,Homme,11390,23.766500271256866,6,0
55,Femme,23941,16.982395761089997,8,1
24,Homme,18385,19.337864531965284,8,0
37,Femme,26554,25.03297910461919,10,1
62,Femme,19342,14.980516593830995,4,0
35,Homme,26731,25.612670367979106,7,0
35,Femme,24987,13.952074537177188,4,0
42,Femme,37704,15.074701684494741,7,1
35,Femme,29480,20.00408502777646,5,0
17,Homme,13122,23.147455371277402,6,1
46,Femme,17145,27.301054412509554,9,0
14,Homme,26386,22.23049105263838,9,0
30,Homme,19491,21.01378556969604,6,1
47,Homme,5221,24.318324991939217,6,1
31,Homme,35446,18.516404718128264,8,1
28,Femme,31041,22.557660637385624,9,0
43,Femme,29646,17.20221496817856,6,1
26,Femme,21748,22.330362067501653,7,0
22,Homme,28993,21.480654696602386,7,1
37,Femme,21069,18.78292831420233,5,0
33,Homme,27434,22.660162546150957,8,1
22,Femme,19555,22.63419861263857,7,1
41,Homme,36614,26.701816049356538,9,1
39,Homme,15008,15.57746638774885,6,1
31,Homme,34625,21.695804369211828,9,1
32,Homme,26272,18.958950401186083,8,0
39,Femme,22573,25.479048232705168,7,1
46,Homme,27169,25.015648260768533,6,1
32,Femme,31133,24.031519380274485,9,1
41,Femme,35567,19.184666967722148,7,1
40,Femme,28192,25.54188233176038,8,1
43,Homme,19765,15.879476285026673,4,0
35,Homme,26389,15.058757185628913,6,0
25,Homme,38717,16.896516000392303,9,1
30,Femme,35433,21.866100758692376,8,1
38,Homme,32361,24.700657603953175,8,0
53,Homme,31569,10.095870103961902,6,1
30,Femme,30896,27.290971327519145,10,1
43,Homme,34111,22.524448784713737,6,1
31,Femme,22803,15.728910609640899,6,1
36,Femme,16514,22.403787881158323,9,1
50,Femme,26483,26.37010165871368,6,0
42,Homme,20276,24.397764061225036,6,0
22,Homme,18614,26.396292250215865,5,1
29,Femme,20958,16.535013482411557,6,1
47,Femme,43397,20.343979059446383,10,0
36,Homme,26952,18.30123107790587,7,0
23,Homme,28533,28.870320820177273,11,1
26,Femme,17443,24.55745137394652,8,1
42,Femme,13093,33.38803835583056,11,0
44,Femme,20266,20.12956186633109,8,0
35,Homme,36067,19.10130315327078,7,1
59,Femme,28339,21.4286934456194,8,0
43,Homme,30190,27.513428885690196,9,0
32,Femme,31169,20.53552124249861,8,1
26,Homme,21860,22.497750391627775,7,0
25,Femme,35715,22.38676281154728,9,0
38,Homme,21570,22.157987044808756,9,1
30,Homme,35843,19.39040615815009,8,0
51,Homme,29096,21.450835728358534,7,1
49,Homme,13476,21.27958959459457,5,0
41,Homme,20763,21.969741361301402,8,0
23,Homme,13505,25.774067272610832,6,1
28,Femme,34142,29.04251213849797,10,1
47,Femme,25826,18.63826094932117,8,0
29,Femme,10401,20.43202550084914,6,0
46,Homme,28630,18.699952406375253,7,0
39,Homme,22239,22.748406148889092,7,1
35,Femme,15613,19.846602169956093,5,0
27,Homme,37745,22.959187334967954,8,1
34,Homme,26751,26.414507641779146,9,1
36,Femme,23945,11.896673256781567,5,0
45,Femme,23204,23.967119558402764,9,1
26,Femme,15407,20.159251804408484,6,1
32,Femme,16868,23.841689071937555,8,0
35,Femme,34994,18.4141222489992,9,1
41,Femme,22682,26.7850439532275,9,1
25,Femme,26154,25.653122472161137,10,1
21,Homme,11689,24.273408594170572,6,1
41,Homme,16773,25.172902871240392,6,1
19,Homme,30268,19.017518131311306,8,1
47,Homme,28643,19.521504981242842,6,1
33,Femme,38273,25.009744803269918,9,1
19,Homme,35400,18.92908342892555,9,1
30,Homme,24385,27.782540186632346,10,1
38,Homme,29310,20.705635714875875,7,0
29,Homme,23783,24.00757755944249,7,0
35,Femme,40383,30.39699807702036,11,1
42,Homme,34043,19.175106583727693,7,0
32,Femme,27187,22.275047003379132,8,0
25,Femme,27402,26.21673265854923,9,0
32,Homme,36113,25.805109555506125,10,1
49,Femme,30057,20.688738759042568,8,1
51,Homme,36910,19.933078249912583,7,1
14,Femme,10644,21.067456269819793,5,0
45,Femme,29228,27.791431064605455,9,1
37,Femme,22391,20.883576574560212,5,0
44,Homme,38294,22.31246276993386,9,0
29,Homme,36824,20.292854116306298,9,1
17,Homme,26229,24.822194259183945,9,1
40,Homme,36749,22.622100150334624,9,0
25,Femme,38481,17.986264756967085,7,1
21,Homme,26520,18.124703543860022,7,0
21,Femme,43303,14.005577733777972,8,1
41,Femme,25780,18.674714363497536,7,0
36,Femme,24498,25.17578321452869,10,1
42,Femme,32061,27.29504215204907,10,0
41,Femme,23523,24.742233452868735,8,1
30,Femme,26597,24.218528802562727,8,1
34,Femme,35866,21.4938958018854,7,1
29,Femme,26134,25.099658219655947,9,0
32,Femme,14134,23.145112892327536,7,0
25,Femme,28571,29.217795887948498,10,1
38,Femme,21125,21.606218743293006,9,1
45,Homme,32056,27.372032334944524,9,1
26,Femme,30873,25.49645632727144,7,1
47,Homme,36299,24.941773144816636,10,1
36,Homme,32352,13.95403469815272,6,0
37,Femme,33631,25.716758246190842,9,1
18,Femme,21316,21.489968084363387,7,1
16,Femme,31627,20.224294022260434,9,0
36,Femme,39779,16.068347835288346,7,1
42,Homme,21179,21.977651464127266,7,0
28,Homme,38598,22.13420638727297,10,1
51,Femme,22154,16.787992312740784,5,0
42,Homme,20036,16.10687930842523,6,0
25,Femme,28073,23.946477920512443,6,0
35,Femme,31011,25.48682052424551,7,1
59,Femme,32382,22.761131639689687,9,1
22,Homme,19267,26.60333859873745,9,1
40,Homme,29041,21.654460062594005,6,0
31,Homme,21201,21.78259490239919,7,0
42,Femme,15577,18.33188788503684,5,0
47,Homme,19498,15.75903208978513,6,1
31,Femme,20743,29.41864853543834,8,0
46,Femme,29651,26.525196200998984,10,0
57,Homme,34065,16.429949731446087,6,1
35,Femme,15687,22.623007631325123,7,0
42,Femme,28463,21.599814755585335,8,1
29,Femme,17763,20.90403010734783,6,0
35,Femme,30403,20.363928608740242,8,0
33,Homme,21640,23.525076587871915,8,0
42,Femme,18640,25.272702101885898,8,1
47,Femme,31597,23.60956467611282,8,1
33,Femme,21891,21.517926502483224,7,0
50,Homme,23788,21.37109313243552,7,0
50,Femme,10460,25.747257267690667,6,1
43,Femme,32625,23.85377975246425,8,1
29,Homme,31746,22.290757852141734,7,1
28,Femme,26038,21.856394809599568,8,1
26,Homme,15306,23.381082038449154,6,0
44,Femme,34465,20.126605245762203,9,1
22,Homme,21336,25.286155269232843,9,1
41,Femme,22826,17.69656575264853,5,0
24,Homme,42184,20.354173960934073,9,1
43,Homme,21074,24.444424381784096,8,0
35,Femme,31195,17.468468746582907,7,0
48,Femme,29934,15.707965829402,6,0
46,Homme,28731,22.25231070171696,7,0
49,Femme,27974,15.214167382214118,7,0
49,Femme,28634,16.804785783792553,7,0
36,Homme,27903,25.026376474025728,8,1
23,Homme,25636,21.180858969577056,8,0
24,Femme,36578,27.141947798835943,7,1
14,Femme,16811,17.18074263625018,7,0
24,Femme,33150,21.624190537470863,8,1
35,Femme,31756,23.598338212831038,9,1
29,Homme,30888,17.317940279484365,7,1
33,Homme,33818,26.1270476179985,11,0
39,Homme,25351,24.042715532664154,7,0
31,Homme,12917,15.562851653250263,6,0
23,Femme,25493,21.849032815165597,8,0
34,Homme,19061,23.54382694503453,8,0
26,Homme,20876,19.639773305887772,6,0
32,Femme,17303,16.080540377964745,4,0
48,Femme,22658,23.11383515778964,8,0
32,Homme,21823,30.844971801130246,10,1
52,Femme,9357,20.45206360336924,7,0
49,Homme,30901,28.276964725138836,9,1
29,Femme,41542,18.99084471295413,8,1
23,Femme,30243,22.862182540039807,10,1
34,Homme,24579,25.086090123504476,10,0
46,Femme,25616,21.96634533611454,8,1
30,Homme,23053,20.809057404475077,6,1
44,Homme,26630,24.904510085401494,9,0
47,Homme,25740,29.565820461076882,9,0
27,Femme,20112,23.202347698556526,8,1
28,Homme,37780,19.93575929387861,8,1
42,Homme,15589,21.240993770961268,8,1
36,Homme,31028,32.078830582581496,10,1
28,Homme,25291,22.53962846535251,8,0
31,Homme,39305,19.62234520568811,8,1
34,Homme,28386,17.41972833406984,6,0
19,Femme,23480,14.696395623549577,5,0
42,Homme,24266,23.45433709538476,9,0
30,Femme,26279,24.618567971298013,9,1
7,Femme,18000,20.413215280139173,7,0
34,Homme,20631,21.940118327876185,7,0
27,Femme,13505,17.318153162845505,5,0
51,Femme,19539,22.531713859310003,8,0
29,Homme,26657,23.9259812822685,9,0
24,Femme,28101,19.85934293132945,5,0
40,Homme,12144,28.76181067834336,8,0
28,Femme,25039,18.651574693012353,6,0
27,Homme,29943,23.13390641607593,9,0
40,Femme,24859,25.39326887881842,8,1
24,Homme,21563,21.69084199940247,8,0
20,Homme,23114,21.246092724422034,6,0
52,Femme,22214,16.28453539820135,6,1
40,Homme,21542,27.429365982865136,9,0
32,Homme,27216,21.320427193329618,6,0
34,Femme,42153,24.149461699739298,12,1
40,Homme,20794,24.690881951440563,9,1
44,Homme,23773,19.48680603192899,7,1
27,Femme,25638,21.209885582835142,7,0
38,Femme,21188,27.337929402974016,8,1
29,Femme,33687,17.53120933703822,7,1
33,Femme,9403,30.511672299029026,9,0
36,Femme,22282,19.020508858894903,8,0
34,Femme,31728,17.281930173437953,7,1
42,Homme,23941,22.52923608275414,8,0
39,Femme,20254,30.833393057359483,8,0
19,Femme,29085,14.35613625763118,6,1
21,Femme,32344,21.43593712604123,8,1
31,Homme,27474,23.905060069026224,9,0
53,Homme,20391,22.134599834142126,6,1
26,Homme,29193,23.52768668001204,8,0
32,Femme,23185,19.127867671310902,8,0
29,Homme,31216,19.601112616274477,9,1
29,Homme,36382,21.4063094113632,9,1
36,Homme,7760,17.480447648388996,2,0
49,Homme,26777,21.82125439423924,10,1
39,Femme,13849,20.445018825313994,6,1
26,Femme,43092,20.119819259380527,9,1
62,Femme,22723,23.28202565039455,7,0
35,Femme,31224,14.717362027202785,7,1
29,Femme,25752,21.083639586467385,8,0
49,Femme,20378,31.269415062459444,10,0
30,Homme,19545,17.6555612546975,5,0
51,Femme,37099,27.142001985937654,10,0
26,Femme,32691,22.218624483650796,10,1
49,Femme,39605,19.58816876447433,9,0
37,Femme,26388,16.717433361880772,6,0
47,Femme,28015,22.558727861140927,7,0
54,Homme,24129,27.813588423258707,9,0
23,Homme,23990,20.443155419212946,8,1
47,Homme,18706,21.676154301052907,8,0
20,Homme,26588,26.04148340076133,8,0
24,Homme,20475,23.363483165385123,8,0
26,Femme,29093,15.710896881101686,8,1
40,Homme,27190,22.395548863420736,9,1
35,Homme,28013,28.048939642662393,9,1
33,Femme,37725,21.852235254130008,6,1
36,Homme,25735,11.034042282090493,5,0
40,Homme,31297,23.55285996636429,9,0
41,Femme,40360,21.206174241823856,8,1
45,Femme,35146,14.683622344315133,7,1
53,Femme,34072,15.283167639784864,6,1
34,Homme,23853,25.900428573155235,8,0
29,Homme,27607,19.07046901761968,6,0
41,Homme,16772,18.37001447705603,7,0
23,Femme,29492,21.857445756273325,8,1
28,Homme,27921,19.423188006720245,6,1
44,Homme,26163,22.400194511110982,9,1
33,Homme,33190,21.18911988225332,7,0
22,Homme,17545,17.20001767962543,7,1
20,Femme,37444,19.95520880575446,9,0
35,Femme,32312,23.771013285236418,10,1
46,Femme,25505,22.167672160954503,7,0
46,Femme,24958,21.672230070432676,7,0
36,Homme,29364,29.74953696471754,10,1
55,Femme,36645,24.924150101542143,9,0
33,Homme,26711,25.40976505928537,8,0
33,Femme,27008,21.336126368820302,7,0
9,Femme,26126,22.8805807614051,7,1
30,Homme,38474,20.275600041897228,7,1
43,Homme,23417,25.110199062096513,9,1
50,Femme,25793,21.558400383603825,7,1
26,Homme,36244,22.889510995722226,9,1
39,Femme,27029,22.64244520862067,7,0
45,Homme,33959,21.927332474378183,7,1
35,Femme,19621,33.752752268623084,12,1
12,Femme,24562,19.33352289002111,6,0
37,Femme,36391,19.29715387936523,9,1
42,Femme,21265,24.77638698724703,8,0
25,Homme,24940,19.619324003699283,4,0
32,Homme,27796,20.834374554604427,9,0
23,Femme,19075,17.654356186577527,7,1
9,Femme,23103,23.96623167761035,7,0
45,Femme,26788,24.017028977936604,8,1
34,Homme,26326,20.73923176030622,6,0
50,Femme,34962,24.85926675392029,11,1
43,Homme,36790,14.567499945065634,6,1
31,Homme,20007,19.172586393942627,6,1
34,Femme,26778,21.320083255156277,7,0
40,Homme,30719,17.31087001238819,7,0
44,Femme,36614,15.005147850325113,8,0
38,Femme,31029,20.768416139846213,10,1
46,Homme,28036,24.776080348242967,8,0
32,Homme,30665,27.128433565706047,10,1
25,Femme,30716,19.81084846717851,8,1
34,Homme,19505,24.932863350486375,7,0
37,Homme,27349,24.54616815230267,11,0
22,Homme,36214,26.874432697337987,11,1
21,Femme,24548,20.599235878583993,7,0
39,Femme,26906,14.805998019261303,7,0
30,Homme,24302,22.280743409690977,9,0
33,Femme,9802,17.94482503612111,5,0
31,Femme,26144,19.10597956375197,7,0
50,Homme,28112,20.79512342378727,9,1
47,Homme,22412,20.64428947460343,6,0
22,Homme,17917,22.566237067583177,9,1
29,Femme,19835,24.81262526567847,7,1
43,Femme,31349,20.529057666896133,9,0
41,Homme,39807,23.58279002643202,9,0
34,Femme,35677,22.05926403972202,9,1
23,Femme,16589,25.74197758351378,8,0
28,Femme,31982,21.245632595574733,7,1
29,Homme,21357,21.684293296901778,7,1
37,Femme,21924,20.502398208004372,8,0
52,Femme,22766,21.351005840166017,5,0
28,Homme,30942,18.8660474866165,6,1
24,Femme,32714,18.469610855425948,7,1
33,Femme,25313,25.1030615411309,7,1
45,Homme,25432,17.667193267261595,8,0
20,Femme,29249,20.723527641208385,9,1
49,Homme,29975,26.061371145083985,10,1
33,Femme,34233,20.58919681998557,7,1
27,Femme,17009,25.3149618147423,9,1
18,Homme,26140,19.635817117092632,5,0
42,Homme,18523,17.795345574599224,8,1
33,Homme,25643,15.620696580396718,5,0
36,Femme,24416,27.250896277090646,8,1
25,Femme,25672,17.45251527346234,6,1
31,Homme,20401,24.98874636050037,7,0
30,Homme,15588,18.00021189282647,7,1
33,Homme,11338,27.269535671759286,8,1
28,Femme,25081,30.827130898460403,11,1
19,Femme,22982,15.253879761238654,4,0
62,Homme,21268,17.660974263364743,6,0
21,Femme,35257,25.0925274552129,10,1
36,Femme,19983,24.052171693463258,8,1
17,Femme,35917,25.107687419040765,8,1
15,Homme,37366,19.704977798382494,9,1
35,Femme,12343,29.95013664409347,8,1
36,Homme,26646,22.472197866759096,7,0
47,Homme,23202,17.132149692625923,4,0
38,Homme,5617,20.98740599982822,6,1
33,Homme,15887,17.18573241508467,8,0
25,Homme,31424,28.363765434216422,9,1
49,Homme,40134,19.358674948799536,9,1
44,Femme,32318,23.96993393897849,10,1
22,Homme,28265,20.117307420071278,6,1
35,Femme,25850,19.538450760949946,6,1
36,Femme,37778,14.358983274875797,6,1
31,Femme,41037,24.392698411962268,11,0
42,Femme,21892,27.196725010516737,10,1
43,Homme,12000,18.336129674539393,5,0
33,Femme,11312,15.819083540005316,4,0
32,Homme,35253,25.213264170951316,9,1
49,Homme,25670,15.415034603574995,5,0
44,Femme,27282,26.878131743793034,8,1
35,Homme,13465,18.382419508181517,5,0
18,Femme,20727,17.586829028701494,7,1
38,Homme,23931,22.993849684525166,8,1
41,Homme,27454,17.84744285995425,7,0
7,Homme,23209,19.17155567482716,7,0
37,Femme,18738,23.415927730684025,7,0
30,Femme,20508,12.283550651333416,3,0
32,Homme,34458,28.56967698371329,10,1
25,Homme,27713,22.17456052986295,7,0
33,Femme,30285,16.82813595038589,5,0
48,Homme,19707,17.931018522852632,6,0
30,Femme,5323,25.96658551304321,6,1
44,Femme,22338,24.404211740296414,8,0
26,Femme,19934,27.547122629140844,9,1
42,Femme,28443,19.26902862078306,6,1
35,Homme,49000,23.18633534860321,10,1
38,Femme,30866,23.70627164713471,7,1
35,Femme,45151,24.78107000100895,12,0
41,Femme,29981,26.50912449372828,8,1
9,Femme,21590,19.13094437662261,6,1
20,Homme,28435,21.543318928958076,9,0
39,Femme,38464,19.55940101767942,8,0
14,Homme,38806,21.7895525065745,8,1
29,Femme,21972,24.7937311282519,9,0
34,Femme,27772,15.38385799895719,7,0
26,Homme,15995,26.43748627783714,7,1
28,Femme,31772,17.443271502945002,7,1
37,Homme,36873,20.770518721211076,8,1
45,Femme,26278,26.975767699864498,9,1
25,Homme,21328,23.31203887193362,6,0
29,Homme,28520,23.35811979305464,8,0
27,Homme,28922,17.277495818819556,8,1
10,Homme,26568,17.823656256704638,6,0
36,Homme,27251,25.765025586675677,8,0
44,Femme,24783,19.64342581806244,6,1
45,Homme,32971,20.020352506800602,8,0
26,Homme,31153,25.855805004218848,10,1
22,Femme,19118,17.80034581852189,7,0
35,Homme,18925,23.07694053154503,6,1
43,Femme,24219,22.171629304670766,8,1
36,Femme,31157,21.989257096547032,10,0
37,Homme,27036,19.926257472489986,8,0
46,Homme,21497,19.680579274146687,7,0
27,Homme,27830,17.68654334482054,6,1
32,Homme,23684,23.930660104165227,8,1
51,Homme,32163,19.327403233933055,9,0
33,Homme,28331,25.874978484669008,9,1
22,Femme,23793,21.101779833637387,6,1
28,Femme,27620,17.76619804231585,6,0
25,Femme,35205,21.048744471406316,9,1
38,Femme,22012,20.356571203454102,7,0
26,Homme,28818,26.03641364691221,9,1
37,Homme,25506,20.52399924299387,7,1
27,Femme,28988,20.8951584751987,9,0
13,Homme,21418,27.646186821969742,10,1
38,Homme,26772,24.033069285853397,9,0
36,Femme,33754,28.650824064013985,11,1
40,Femme,19440,27.03618001625562,8,0
28,Femme,16694,18.451349646548582,5,0
27,Femme,16959,25.95980341760043,8,1
39,Homme,17805,28.101213168298365,8,1
50,Femme,30167,28.13125252929368,11,0
35,Homme,16158,25.95238393430675,9,1
39,Femme,23914,25.870091979636705,9,1
31,Femme,30328,20.7893558252978,6,0
19,Femme,28916,18.650471662601703,5,1
44,Homme,23301,20.591130724410174,7,1
44,Homme,27336,15.340843994268948,7,1
42,Homme,26750,27.37118126168682,9,1
33,Homme,24430,20.866828162329153,9,0
40,Femme,24524,27.16532291625984,8,1
43,Femme,41647,17.0740016911136,7,1
51,Femme,31665,26.330499684008842,9,1
44,Femme,43364,20.020477367282723,8,0
35,Homme,22521,16.862522366763304,6,0
21,Femme,25405,28.50847220863903,9,1
36,Femme,16675,26.429246677363096,6,1
37,Femme,20333,22.847169680743136,8,1
42,Homme,39313,22.135751540539854,7,1
48,Homme,22345,23.758040075276472,7,1
34,Homme,39434,22.778514311669646,8,1
56,Femme,17296,18.830896183314117,6,1
17,Homme,18625,20.351790920860314,7,0
39,Homme,23611,29.84287132815481,11,1
27,Femme,25553,32.688626970512054,11,1
15,Homme,32461,28.25067402092273,11,1
32,Femme,29155,23.912895760650493,9,1
20,Femme,23085,20.64900386919226,6,0
33,Homme,25066,18.807256424412135,7,0
35,Femme,23766,19.07087035827919,7,0
46,Femme,19597,19.78692936525296,7,0
19,Femme,19784,30.604656165703076,9,0
44,Femme,33195,29.225129185530395,11,1
35,Homme,13202,24.985113559741574,6,1
45,Femme,37321,18.157547294348696,7,1
30,Homme,23599,25.572223706844145,7,0
21,Femme,20592,21.04553188595758,7,1
22,Femme,31178,13.387962245423514,5,0
22,Femme,36396,23.148402549605038,9,1
39,Femme,33823,18.63234783666378,8,1
49,Femme,29512,18.76778628363985,6,0
29,Femme,33608,20.99836802572797,8,1
41,Femme,13984,20.00670810823035,6,0
19,Homme,22347,21.86297272358397,7,1
36,Homme,19621,21.67067779993118,6,0
41,Homme,34572,14.496763628609475,7,1
20,Femme,23315,28.081111955531334,9,1
32,Homme,31917,18.06649310820528,8,1
42,Femme,29750,18.19040645947811,7,0
5,Homme,19963,20.68578699283881,6,0
48,Homme,21891,21.566660610522824,6,0
38,Femme,35056,27.835919267327355,10,0
42,Femme,20571,23.077693808219603,7,0
30,Femme,26874,24.26586193643814,8,1
17,Femme,20522,23.098144750333127,7,0
40,Femme,23802,22.925846329995093,7,1
34,Homme,25676,23.238918012348034,8,1
35,Femme,20519,14.269063429724245,4,0
45,Femme,19276,21.000326060641886,7,0
42,Femme,28003,26.64904444228463,10,1
54,Homme,20086,37.769324043226746,10,1
36,Femme,20325,17.18276426984196,8,0
28,Homme,19426,23.69231984129741,7,1
33,Homme,25454,19.715813688502635,5,0
39,Homme,32605,30.190607615587396,10,1
45,Homme,36545,16.584868956834075,7,1
20,Femme,20918,24.49975796126352,8,0
35,Femme,41052,16.37115560198324,7,0
51,Femme,18967,20.72573332775667,6,0
32,Femme,33584,21.862746677000764,7,1
44,Homme,20948,26.27876672695843,8,1
39,Homme,19903,17.691332695365887,5,0
44,Femme,20786,24.65353219538954,7,0
26,Femme,25632,22.075110893551788,7,0
26,Femme,30059,23.091173545143917,9,1
35,Homme,30689,25.833330858740563,11,1
19,Homme,19392,16.86977322797885,6,0
32,Homme,19072,25.242379892594368,9,0
37,Femme,19583,19.7243805876423,7,1
52,Homme,25220,26.383493819907304,9,1
39,Homme,24528,23.33823053815152,7,1
41,Homme,19348,21.16188647393178,7,0
46,Femme,27887,19.639896123636714,7,0
25,Homme,41837,25.293179977421325,10,1
33,Femme,22466,27.04380674192371,9,1
59,Femme,22965,19.868593836559263,7,1
34,Femme,29917,17.467973736874413,7,0
46,Homme,22088,24.7768441717809,8,1
44,Femme,30682,16.205876231865197,7,1
20,Homme,20970,16.777950249668113,6,1
38,Homme,38824,17.749198897888405,8,1
36,Femme,28413,20.338198067845003,6,1
38,Femme,21659,16.65467244313822,5,0
27,Femme,21879,14.24480036247369,6,0
23,Homme,22403,17.458223222651508,6,1
30,Femme,35609,24.569897786290475,9,0
34,Homme,17118,16.91382371149293,5,0
46,Femme,21324,20.63892128818332,7,0
53,Homme,22068,29.78679384946225,10,1
48,Femme,25890,21.80330347989164,6,0
43,Femme,24102,23.370123958918374,8,0
24,Homme,15561,18.215839926993787,6,0
30,Femme,23201,30.65389941480057,10,1
37,Femme,25303,19.834822043446284,7,1
28,Femme,21603,21.087581262193932,7,1
40,Femme,30807,27.268234711869457,9,1
42,Homme,32435,21.273063020585525,7,0
40,Homme,25451,22.19155513070086,10,0
45,Homme,27613,20.873246716843482,7,0
25,Homme,10872,20.90067048777109,6,0
44,Homme,23052,23.482008043312366,8,1
28,Femme,33033,24.21177275679242,10,1
25,Homme,23035,19.427006275149733,6,1
40,Femme,20839,18.93567817541228,5,0
47,Homme,41943,19.563455644569746,7,0
39,Femme,38733,16.394983943200927,9,0
35,Homme,29273,15.638278965922812,5,0
38,Femme,33972,23.18866858889963,9,1
36,Homme,10418,25.754383212700446,6,1
23,Femme,20487,25.48418117258087,6,1
22,Femme,22710,12.472034907453367,5,0
34,Femme,24348,21.019739651826956,6,0
35,Femme,22570,17.591632177629762,5,0
35,Femme,8149,22.574949751283427,8,1
41,Homme,28702,20.328705924762474,8,0
32,Femme,29805,24.367647624978353,10,1
40,Femme,37213,21.923387638394633,10,1
33,Femme,20481,14.415992420328443,5,0
53,Homme,19908,18.13165650880184,6,0
35,Femme,7240,22.023140459306614,6,0
58,Femme,23945,22.360441716924345,8,1
38,Homme,32307,16.377292769183992,6,1
32,Homme,21717,15.854161185815514,6,1
26,Femme,41004,22.224981350292715,8,1
20,Femme,24203,16.38533077579789,6,1
25,Homme,27028,15.325482293996856,6,0
26,Femme,16458,20.21943794947463,5,1
38,Femme,28010,20.046215634645396,5,0
29,Femme,12144,18.486398090642794,4,0
36,Homme,30855,19.18505217310015,9,0
47,Femme,31070,22.055342892889577,8,1
34,Femme,35515,19.119348385280723,9,1
55,Homme,18860,22.28278808665936,5,0
23,Homme,27123,20.478125855530664,6,1
33,Homme,29946,22.670600621546622,7,0
29,Femme,29095,25.51282226174658,9,1
44,Femme,19942,25.35699138156238,10,0
12,Homme,9256,27.152841884264333,8,1
20,Femme,28428,25.35258758758864,10,0
33,Homme,24932,22.954230126167218,7,0
50,Femme,22033,20.26627344943942,8,0
37,Femme,31347,20.448956308735102,10,0
21,Femme,25685,18.48889077425676,7,1
23,Femme,16765,22.01811716420623,6,0
51,Femme,12479,24.78954991484774,6,0
28,Femme,18097,19.097329588467918,6,0
25,Homme,42751,21.851128565344904,9,0
49,Femme,31059,19.290551085112924,9,1
45,Homme,27320,22.837417320750458,7,0
47,Femme,24728,19.8024664642002,7,0
25,Homme,24268,19.041957714823788,5,0
19,Homme,34170,19.2801332202719,7,1
36,Femme,22565,24.013315095382268,8,1
38,Femme,30038,21.61300237867858,8,1
38,Femme,23561,20.286313079999857,8,0
49,Homme,39581,23.045618010188843,10,1
17,Femme,31196,20.3419351301294,8,1
43,Femme,34718,26.506071574742812,10,1
24,Femme,21909,18.104535385226974,5,0
43,Femme,33406,21.252113948730873,6,0
30,Homme,23811,16.380939113331998,5,0
26,Femme,26770,20.612502432439626,7,1
28,Homme,37445,15.28145800917348,8,1
20,Homme,18700,24.985266090236504,8,1
35,Femme,27422,25.066015068022317,8,1
27,Femme,29066,25.136680694897905,9,1
42,Homme,29640,22.115489920697872,8,0
41,Femme,22844,18.480518381159634,7,0
51,Homme,40603,18.798637471856203,10,0
38,Homme,16935,28.120688220882084,10,1
40,Femme,36212,27.742708415199186,10,0
49,Femme,34505,22.490220627803087,9,1
28,Femme,39306,19.93746386367869,10,1
20,Homme,14882,27.47449369079404,8,1
37,Homme,19918,19.22198735446076,7,0
20,Femme,36443,22.915396832383628,8,1
59,Femme,12860,27.407829221593833,7,0
49,Homme,14754,18.65464600134149,7,0
56,Homme,22581,25.316894342548448,7,0
35,Femme,27343,24.08224318337548,8,0
40,Homme,37145,21.841933831073757,7,0
30,Femme,24703,18.026265603467536,8,1
43,Homme,21742,19.102240959586897,8,0
22,Femme,28179,23.157804291402634,8,1
9,Femme,29287,16.306652820474454,7,1
27,Homme,29088,22.522975436073,8,0
20,Homme,24754,24.164203936246654,9,1
49,Femme,12314,25.9408806912364,7,0
53,Femme,19576,16.40657170215911,6,0
20,Femme,35941,27.264989188645096,11,1
47,Femme,27309,28.781453976719742,11,0
44,Homme,23742,23.640606270854377,6,1
19,Femme,33827,17.84780567430136,7,0
31,Homme,18089,20.687562846559036,5,0
29,Homme,24422,21.80961101952597,8,1
42,Femme,26964,23.081854034922227,6,1
22,Homme,22910,22.08792621057441,5,0
34,Homme,26705,23.124660571578467,10,1
28,Femme,24686,21.637012970643507,8,0
39,Femme,16204,23.06042837804897,7,1
32,Femme,27270,20.157906315354744,8,0
29,Femme,16701,20.647253132070126,6,1
32,Femme,27159,19.69589931809333,8,1
55,Homme,35618,29.669038138016287,10,1
30,Femme,24032,27.85560314469729,9,0
24,Femme,17799,24.221176760054462,8,1
40,Homme,25111,27.301235989070953,8,1
33,Femme,20176,25.19384535591153,9,1
20,Femme,30161,22.72508463805622,8,0
57,Femme,24964,15.977714635921267,7,0
31,Homme,37968,20.95134431949944,9,1
31,Femme,34140,20.65984843192659,10,0
36,Femme,24928,17.46769930763137,5,0
52,Femme,31009,16.055350901573537,6,0
18,Femme,23247,23.9708773862681,7,1
37,Femme,26237,23.29801728948325,8,1
55,Homme,23469,17.330412079729552,8,0
36,Femme,31365,19.016485974255243,9,0
22,Femme,36030,26.644889092616655,7,1
28,Femme,31590,18.48921394593376,8,1
37,Femme,32453,22.683195615735208,5,0
48,Femme,32461,21.240886801728077,9,0
31,Homme,29858,24.02545388424825,10,0
43,Homme,18024,18.57556938937428,6,1
20,Femme,37906,22.360333910160428,9,1
20,Femme,38630,22.67489030938351,9,0
30,Homme,24362,22.920723224916877,7,0
49,Homme,23405,22.316295431850453,8,0
35,Homme,30286,23.37843728237644,8,1
37,Femme,29855,30.767081328203243,11,1
37,Homme,24586,32.24519110708442,10,1
46,Femme,17249,19.44313543685311,5,0
28,Femme,28139,12.727028078590005,4,0
41,Homme,29860,24.381981202887893,7,1
26,Femme,31080,22.745009839605064,10,1
54,Femme,28445,26.244167436734323,8,0
26,Homme,24102,23.13954359886127,8,1
26,Femme,32958,22.234415758102877,10,1
40,Homme,26460,26.51562638350889,8,1
35,Homme,22745,27.075122353655367,8,0
38,Homme,24735,16.453759764876008,6,0
37,Femme,13778,18.733575251441664,6,0
24,Homme,24724,21.577628162845286,9,1
51,Homme,30819,22.393750495698335,10,1
43,Femme,28378,21.096067186591004,8,0
48,Homme,36644,23.736828711447544,11,1
29,Femme,24159,25.984419157268402,8,1
39,Femme,29411,28.890838842882914,10,0
36,Homme,31549,24.315652095091597,8,1
46,Homme,42399,18.590665286187562,7,1
46,Femme,27013,21.410495099208728,9,0
36,Homme,18690,21.698591034961773,7,0
19,Femme,31935,24.058560959924638,9,1
52,Homme,39060,23.55267213373577,9,1
40,Femme,23742,30.20158660444604,8,0
28,Homme,31887,20.153947458980365,7,1
39,Homme,34601,23.539002135067214,9,1
19,Femme,33119,31.418845590976368,10,1
45,Homme,26878,19.659172412385594,7,0
20,Homme,21110,22.58059478468142,7,0
32,Femme,25431,18.220477995503938,6,1
37,Femme,29210,22.328347598509726,7,0
45,Femme,32357,18.879131407449435,6,0
36,Homme,28337,26.187203613965387,9,1
41,Homme,23340,22.589275436125583,8,0
34,Femme,29887,18.258410960070826,5,0
34,Femme,32020,25.362270791166686,9,1
35,Homme,28657,22.718664155486348,8,1
33,Femme,20146,25.81127510889382,7,0
18,Femme,24730,17.409349488209006,8,0
27,Femme,32634,23.475297648994648,8,1
37,Homme,16318,25.093366778578833,7,0
32,Homme,11347,20.306490039057053,6,1
33,Femme,36556,16.963989092127395,6,1
31,Homme,29579,21.833570018518426,9,0
26,Homme,30247,26.912461175123713,8,1
30,Femme,18462,26.503721322536226,8,0
31,Homme,31162,20.286286260977693,8,0
35,Femme,27926,16.86765825449423,8,0
38,Homme,14909,20.27528111860171,5,0
33,Femme,35969,20.12608939707235,8,0
24,Femme,27110,23.78578713321911,10,0
21,Femme,23227,21.579993988383514,8,1
60,Homme,23354,18.98694315305143,7,0
23,Femme,11893,26.41705226904267,6,0
29,Homme,30153,22.56170346977934,8,0
40,Femme,27833,23.741662610923765,8,1
38,Homme,24641,15.100058263474931,5,0
40,Femme,34949,12.302940517210857,4,1
30,Femme,16312,16.24981687422237,5,0
37,Homme,21822,20.077826297572898,8,1
35,Femme,20049,24.305424070455235,8,0
31,Femme,24048,12.631012518370808,6,1
37,Homme,26472,28.37140825748795,9,0
45,Homme,29010,22.682264107080506,7,1
34,Femme,23571,27.44117997179964,10,1
34,Femme,19858,18.456119670103487,6,0
45,Homme,37802,24.015439736689963,10,0
44,Femme,42881,22.34078371988315,8,1
50,Femme,27003,25.270745252218216,10,1
17,Homme,20702,21.064834529601132,8,0
44,Femme,36328,23.892860836030355,9,1
41,Femme,15872,26.4087812750848,7,0
26,Homme,23656,19.3952948244329,7,1
37,Femme,21127,22.9689769299586,8,1
45,Femme,17883,14.448551051110606,5,0
26,Femme,24039,24.810012076253432,9,0
39,Femme,19950,29.81865017384996,10,0
43,Femme,26088,17.02225580900522,6,0
24,Homme,26190,21.634474958288227,6,0
33,Femme,21650,25.521925203656455,8,0
38,Femme,23406,22.125669893866203,7,0
27,Homme,24384,22.660398205972903,8,1
26,Femme,31668,20.436002233905445,7,0
33,Femme,24960,20.28739098764834,8,0
43,Femme,31772,21.65322338565849,9,1
41,Homme,30100,22.166685688557422,8,1
26,Femme,30000,17.274234953690762,7,1
41,Homme,35714,21.735912056215884,8,0
26,Homme,18164,28.274135754837307,8,1
18,Femme,22687,20.323464825644383,6,1
31,Homme,38343,17.050980068501488,9,0
46,Homme,24198,21.394335728054294,7,0
41,Homme,6294,19.141548751502814,4,0
34,Homme,24579,16.646632698712242,6,1
30,Femme,26944,22.556673846930483,9,1
31,Femme,7680,19.158871851395688,5,0
36,Femme,35337,19.5011433325869,9,1
24,Femme,21004,22.613709521541555,8,1
31,Homme,28299,15.867301618550663,5,0
32,Femme,24418,15.0337213989955,5,0
21,Femme,16981,24.683488778007728,8,1
26,Homme,18506,14.27666559710367,3,0
39,Femme,19454,18.093289218770582,6,0
35,Homme,33599,14.80064185844625,5,0
31,Femme,24967,20.05545413260467,8,0
25,Femme,22346,23.712234990604664,9,1
50,Femme,19457,22.449351794929505,8,0
26,Homme,34373,31.56749355782914,10,1
37,Femme,36249,26.347662471156003,10,1
30,Femme,34293,18.275368599373596,7,0
35,Homme,29447,17.21177998069436,6,1
39,Femme,28028,32.826751763902,10,0
